id,text,query,username,permalink,timestamp,media_type,relevance_score,relevance_tier,matched_terms,source_queries,retrieval_sources,searched_at,first_seen_at,last_seen_at,seen_count,content_cluster_id,signal_counted,duplicate_group_size,duplicate_reason,dedupe_counted,clean_exclusion_reason
3993954685202562512,"STAY! Happiest of problems!

I have an extra ticket for Run It Tokyo Dome on Nov 6, Friday. Any takers?

Selling it for actual value. (Roughly 17,700 JPY?) I just need to put the ticket to good use since it’s already paid for.

Prio if you’re a Filo Stay but I can do international payments as well. :)",Tokyo Dome,a0kayed,https://www.threads.com/@a0kayed/post/DdtYKAUgX3Q,2026-09-25T11:42:02Z,CAROUSEL_ALBUM,100,high,"[""tokyo"",""dome""]","[""Tokyo Dome""]",[],2026-09-25T19:36:04.657866612Z,2026-09-25T19:36:57.674661Z,2026-09-25T19:36:57.674661Z,1,dup_f40c2bcba7ae6021,True,1,,True,
3994144347795833999,Booked all my flights for Japan but now I'm not sure where I should stay in Tokyo. If anybody has any suggestions please let me know. Would be best if it's not more than 40 minutes away from Tokyo Dome,Tokyo Dome,nabzielolly,https://www.threads.com/@nabzielolly/post/DduDR9YAUSP,2026-09-25T17:58:51Z,TEXT_POST,100,high,"[""tokyo"",""dome""]","[""Tokyo Dome""]",[],2026-09-25T19:36:04.657876327Z,2026-09-25T19:36:57.674661Z,2026-09-25T19:36:57.674661Z,1,dup_c879bbc12f7eb9ca,True,1,,True,
3973434414776747220,"7月的时候
他问我能不能来台北大巨蛋
我沉默了
他以为我不想去",台北大巨蛋,ailsaaiaio,https://www.threads.com/@ailsaaiaio/post/DckeYxPFITU,2026-08-28T04:11:55Z,TEXT_POST,60,high,"[""台北大巨蛋""]","[""台北大巨蛋""]",[],2026-09-25T17:20:47.606500052Z,2026-09-25T17:12:33.435185Z,2026-09-25T17:21:46.255167Z,2,dup_012b091cd01d1f8a,True,1,,True,
3975804311056791545,"讓票 9/2 （三）B1 內野 120區 2排 （2連號）
聯名卡優惠票🎫 （請私訊 非搶先得）

#台北大巨蛋",台北大巨蛋,rex_lin005,https://www.threads.com/@rex_lin005/post/Dcs5PTJAbf5,2026-08-31T10:40:29Z,IMAGE,60,high,"[""台北大巨蛋""]","[""台北大巨蛋""]",[],2026-09-25T18:02:39.261379553Z,2026-09-25T17:12:33.435185Z,2026-09-25T18:03:38.875521Z,3,dup_036784787dd4fe20,False,1,,True,ticket_resale
3979243303644703461,"您好！我們是從韓國來台灣旅遊的旅客，今天5號很想去台北大巨蛋看富邦悍將的棒球比賽。

因為想和奶奶、媽媽一起觀賽，所以需要三張票。可是我們去便利商店詢問時，被告知門票已經售罄了🥹

請問有沒有願意讓票的人呢？如果有的話，真的非常感謝您願意聯絡我！🙏🏻😭",台北大巨蛋,0hmymrk,https://www.threads.com/@0hmymrk/post/Dc5HLOkmCrl,2026-09-05T04:33:08Z,TEXT_POST,60,high,"[""台北大巨蛋""]","[""台北大巨蛋""]",[],2026-09-25T18:02:39.261452499Z,2026-09-25T17:12:33.435185Z,2026-09-25T18:03:38.875521Z,3,dup_69237b3ecf11c3ca,False,1,,True,ticket_resale
3984541669939808265,"LPUers 站出來！🖤💛
LINKIN PARK: WARM-UP NIGHT

電影上映前，先來一場屬於我們的暖身夜。
熟悉的旋律響起、重拍一擊即中，
帶我們一瞬間回到那些陪著彼此走過的歲月。

In the End, it DOES matter.
這一次，不需要門票，沒有距離。
只要你還愛著 LINKIN PARK，想聽歌、想聚在一起，就直接來！

📅 日期：9/18（五）20:00
📍 地點：台北大巨蛋秀泰影城 2F 大廳

在《LINKIN PARK: UNSHATTER》大銀幕登場前，
我們一起先把氣氛炸開！🔥
See you there. Let‘s make some noise! 🤘💥

p.s. 現場還準備了鐵粉挑戰，就等你把神秘獎勵贏回家💿",台北大巨蛋,stglobalent,https://www.threads.com/@stglobalent/post/DdL74mtgQgJ,2026-09-12T12:00:03Z,IMAGE,60,high,"[""台北大巨蛋""]","[""台北大巨蛋""]",[],2026-09-25T18:02:39.261488456Z,2026-09-25T17:12:33.435185Z,2026-09-25T18:03:38.875521Z,3,dup_50da88c5a2f554dc,True,1,,True,
3984619151872512604,"米其林一星 A CUT，開了新店！
就在台北大巨蛋。
9/10 開幕的The Grill by A CUT",台北大巨蛋,sophiahsiao,https://www.threads.com/@sophiahsiao/post/DdMNgHYlFJc,2026-09-12T14:33:59Z,CAROUSEL_ALBUM,60,high,"[""台北大巨蛋""]","[""台北大巨蛋""]",[],2026-09-25T18:02:39.261374112Z,2026-09-25T17:12:33.435185Z,2026-09-25T18:03:38.875521Z,3,dup_735e2e858d053c6b,True,1,,True,
3986447006957229759,"🚐【Stray Kids World Tour ＜RUN IT TAIPEI＞包車報名中！】

怎麼可以只來一天啊迷孩們😭希望STAY們都有上岸～上岸後交通我們幫您解決🧭

📅日期：2026/ 12 / 12
—————————
📍 南部出發
高雄火車站／台南火車站 ⇆ 台北大巨蛋

▫️來回接送｜每人 NT$1,500
▫️單程接送｜每人 NT$1,000

📍台中上車點
台中朝馬／台中火車站 ⇆ 台北大巨蛋

▫️來回接送｜每人 NT$1,150
▫️去程接送｜每人 NT$550
▫️回程接送｜每人 NT$750

—————————
💪🏻皆有投保高額意外險￼
👉人滿即發車！名額有限！",台北大巨蛋,cchinnnjm,https://www.threads.com/@cchinnnjm/post/DdStG6Fmta_,2026-09-15T03:05:37Z,IMAGE,60,high,"[""台北大巨蛋""]","[""台北大巨蛋""]",[],2026-09-25T18:02:39.261445045Z,2026-09-25T17:12:33.435185Z,2026-09-25T18:03:38.875521Z,3,dup_c095e7833c0f7f79,True,1,,True,
3987368720226075079,"紐約 Tom Cat Bakery 真的來台北了🐈‍⬛🥐

今天來大巨蛋，看到這隻黑貓才發現
原來 TOM CAT BAKERY 已經開了！

這家是從紐約來的老牌烘焙品牌，
現場麵包種類不少，鹽奶油、可頌、紅豆、法國麵包都有，
整櫃看起來真的會讓人選擇障礙 😂

而且剛好 9/16 起有開幕活動：

👉 櫃上單筆消費滿 300 元
👉 就送一個 「極光銀」品牌購物袋
👉 數量有限，送完為止

我本來只是想來看看，
看到那個銀色袋子……
好啦，300 好像突然也沒那麼難湊了🤣
雖然袋子簡單但蠻有質感的。

📍TOM CAT BAKERY
台北大巨蛋 Garden City

有人已經吃過了嗎？
哪一款最值得買？先告訴我，不然我等等可能亂拿一輪。😂

#TomCatBakery #台北大巨蛋 #大巨蛋美食 #台北麵包 #台北美食 #開幕活動 #信義區美食",台北大巨蛋,cashaw_deng,https://www.threads.com/@cashaw_deng/post/DdV-rmdlEHH,2026-09-16T09:36:54Z,CAROUSEL_ALBUM,60,high,"[""台北大巨蛋""]","[""台北大巨蛋""]",[],2026-09-25T18:02:39.261401754Z,2026-09-25T17:12:33.435185Z,2026-09-25T18:03:38.875521Z,3,dup_24468d277070ee32,True,1,,True,
3987498130317307561,"OMG～～～🥹💛
我終於把全部的歌單都完成啦▓!!!

BIGBANG 2026–2027 WORLD TOUR 〈XX : COSMOS〉

▓＼ 應援歌單・最終篇／▓

各位 VIP 們～YAHO！呀吼～～🙌🏻
剩不到一個月 就快要看到歐～ㄅ們了呦！！！

好開勳～～應援歌單終於全數完成✨
請大家把握時機練習▓

到時候一起嗨翻大巨蛋 哭花眼妝吧▓
讓歐～ㄅ！們感受到我們的愛▓",大巨蛋,small.ashan,https://www.threads.com/@small.ashan/post/DdWcGxAGO6p,2026-09-16T13:54:00Z,CAROUSEL_ALBUM,60,high,"[""大巨蛋""]","[""大巨蛋""]",[],2026-09-25T18:02:27.298530179Z,2026-09-25T17:12:33.435185Z,2026-09-25T18:03:38.875521Z,3,dup_bddfeae652477d9c,True,1,,True,
3988703411285761661,"▓原價讓票▓
▓Stray kids 1212台北大巨蛋▓

▓位置▓
B1看台 109區 3x排6880+200手續費連號2張 ▓

全額匯款後開演前五天提供取票序號▓
害怕是詐騙的話可以約面交▓

真的都沒人要的話我只好退票了▓",台北大巨蛋,binkuai,https://www.threads.com/@binkuai/post/DdauJ6YE559,2026-09-18T05:48:41Z,TEXT_POST,60,high,"[""台北大巨蛋""]","[""台北大巨蛋""]",[],2026-09-25T18:02:39.261426761Z,2026-09-25T17:12:33.435185Z,2026-09-25T18:03:38.875521Z,3,dup_e8ab515da8ae58d2,True,1,,True,
3988944617236313487,"請問有各大小編或是彩妝老師可以自我推薦嗎😍
地點：台北大巨蛋附近
2026/12/12 Stray kids 應援妝髮
歡迎直接附上報價😍",台北大巨蛋,tsubasa19921218,https://www.threads.com/@tsubasa19921218/post/Ddbk_67E7WP,2026-09-18T13:47:55Z,TEXT_POST,60,high,"[""台北大巨蛋""]","[""台北大巨蛋""]",[],2026-09-25T17:20:47.606494722Z,2026-09-25T17:12:33.435185Z,2026-09-25T17:21:46.255167Z,2,dup_36a2e5c92cfc6ff6,True,1,,True,
3990499425093036319,"#讓票#原價
升艙成功所以要出票 嘟嘟嘟
拓元很壞 嘟嘟嘟 社群上感覺大家都有了
發了兩天沒動靜
讓我出出去啦嘟嘟嘟
-
活動名稱：Run it Taipei
日期/時間：12/12
持有：6880 120區 33排
地點：台北大巨蛋
交易方式：私訊討論 原價讓票（含200系統手續）
需全額匯款
當天場外面交～",台北大巨蛋,yu._.uuuuuuuuuu0o0,https://www.threads.com/@yu._.uuuuuuuuuu0o0/post/DdhGhWlEikf,2026-09-20T17:17:03Z,TEXT_POST,60,high,"[""台北大巨蛋""]","[""台北大巨蛋""]",[],2026-09-25T17:11:33.859750905Z,2026-09-25T17:12:33.435185Z,2026-09-25T17:12:33.435185Z,1,dup_88f88369c3ce91b3,False,1,,True,ticket_resale
3991687136172450842,"YOASOBI 台北大巨蛋座位視野 3D 模擬上線
 
剛剛收到網站流量通知
才發現原來是新一波幸運兒今天剛誕生

恭喜中籤的各位
3Dome 早就在大巨蛋等你了",大巨蛋,howieyoung,https://www.threads.com/@howieyoung/post/DdlUk0uDiQa,2026-09-22T08:38:45Z,VIDEO,60,high,"[""大巨蛋"",""台北大巨蛋""]","[""大巨蛋"",""台北大巨蛋""]",[],2026-09-25T18:02:39.261342253Z,2026-09-25T17:12:33.435185Z,2026-09-25T18:03:38.875521Z,3,dup_85daec9eef2df161,True,1,,True,
3991795584113773641,"（疑問）
我是Y死忠粉，這次沒抽到票
然後就想轉戰海外
意外發現我12/5，12/6兩天剛好都在東京旅遊
（已買機票很確定那種）
想問一下，我看了一下trip目前販售的演唱會門票
日本的都只有比較便宜的位置
我如果想進軍搖滾區，需要事先做任何準備嗎？（例如我已經查到lawson tickets 會員跟日本手機等等）
或是比較便宜的門票音效還行嗎？
因為在台北大巨蛋看過張惠妹，回音造成音效大打折扣
我不想特地出國看還看不爽😭😭😭可是也怕手續太複雜",台北大巨蛋,failqwq_mai,https://www.threads.com/@failqwq_mai/post/DdltO8vEwxJ,2026-09-22T12:12:17Z,TEXT_POST,60,high,"[""台北大巨蛋""]","[""台北大巨蛋""]",[],2026-09-25T18:02:39.26147465Z,2026-09-25T17:12:33.435185Z,2026-09-25T18:03:38.875521Z,3,dup_bca311f40802c6ac,True,1,,True,
3992350036046492504,"有喜歡 YOASOBI 的朋友嗎🥹💙

1/9、1/10 台北大巨蛋見！！
有人跟我一樣已經開始期待了嗎😭✨

喜歡 YOASOBI 的朋友舉個手🙋🏻‍♀️
我這邊也偷偷準備了一些應援小物～
現在還在製作中🥹

等收到實品如果效果OK的話
再來跟大家分享🫶🏻

一起期待 1 月的 YOASOBI 吧！！✨
有一起去的朋友讓我看到你們🙋🏻‍♀️",台北大巨蛋,wy455f,https://www.threads.com/@wy455f/post/DdnrTSVkbNY,2026-09-23T06:33:53Z,TEXT_POST,60,high,"[""台北大巨蛋""]","[""台北大巨蛋""]",[],2026-09-25T17:20:47.606512656Z,2026-09-25T17:12:33.435185Z,2026-09-25T17:21:46.255167Z,2,dup_76dadd69583dfbf5,True,1,,True,
3992409870360055395,"去歐洲必吃的小天使冰淇淋 Amorino 開進台北大巨蛋✨玫瑰花真的美到捨不得吃🌹
現場有多達近30款口味會選擇障礙🤤",台北大巨蛋,beauty321_07868,https://www.threads.com/@beauty321_07868/post/Ddn45_Ykw5j,2026-09-23T08:32:46Z,CAROUSEL_ALBUM,60,high,"[""台北大巨蛋""]","[""台北大巨蛋""]",[],2026-09-25T18:02:39.261368943Z,2026-09-25T17:12:33.435185Z,2026-09-25T18:03:38.875521Z,3,dup_2af559f90c68536a,True,1,,True,
3992477263261667783,"是的
黃仁勳
這就是我要的世界
網站現在也有3D場館啦～
我只能說
帥...

目前有
台北大巨蛋
台北小巨蛋
北流
林口體育館
高流
高雄世運
進入每個位置後下方都會有實拍可以直接比對
大家可以幫忙抓抓看哪裡跟實際不太一樣的
其他的場館也會慢慢補上！！
大家來玩玩看
好玩

網址我放在留言區
看不到的可以直接點我主頁的連結！",大巨蛋,twconcertview,https://www.threads.com/@twconcertview/post/DdoIOr6iRHH,2026-09-23T10:46:39Z,CAROUSEL_ALBUM,60,high,"[""大巨蛋"",""台北大巨蛋""]","[""大巨蛋"",""台北大巨蛋""]",[],2026-09-25T18:02:39.261352262Z,2026-09-25T17:12:33.435185Z,2026-09-25T18:03:38.875521Z,3,dup_66c09c28fba55161,True,1,,True,
3992628067557247728,"=Yoasobi新手向-應援懶人包=

安安, 這裡是根毛

最近又看到很多人在問應援
晚上花了點時間整理一下

每個人的玩法不同，日文大師當然可以全部唱好唱滿沒毛病
但我個人一直以來都是用這套在進行每首歌的互動~

大家可對照 YT/Bilibili 等地方的演唱會片段服用/參考學習
整體下來每次都很盡興~(生活節/zepp..等)

只想玩幾首的也可以自由選擇~

小小懶人包
希望能幫助到屆時在現場的脆友也能玩得開心~
明年大巨蛋見了",大巨蛋,faustchobits,https://www.threads.com/@faustchobits/post/DdoqhLXAQrw,2026-09-23T15:46:17Z,CAROUSEL_ALBUM,60,high,"[""大巨蛋""]","[""大巨蛋""]",[],2026-09-25T18:02:27.298593046Z,2026-09-25T17:12:33.435185Z,2026-09-25T18:03:38.875521Z,3,dup_105758a786e8241c,True,1,,True,
3993033470409562171,"#大巨蛋GardenCity新開幕

📍 MiFresa x 財財的手作基地
地點：遠東大巨蛋Garden City 5 F

\ 免費送⑤雙襪子🧦/

➕FB社團
免費送盲包5雙襪子🎁🧦
（大人小孩款式隨機）

📍4 BUTTER FOUR 大巨蛋

加入會員，任意消費即可兌換一杯美式咖啡，也能補差額換其他咖啡種類。

追蹤IG 打卡贈送迷你冰淇淋 
口味：開心果/抹茶

📍貓茶町
不用打卡也不用追蹤
直接免費試吃一顆完整蛋黃酥
價值100元！
口味：香草/鐵觀音

#MiFresa #財財 #免費送 #免費活動 #免費兌換 #大巨蛋免費活動 #貓茶町 #ButterFour",大巨蛋,mandy760830,https://www.threads.com/@mandy760830/post/DdqGskMAdg7,2026-09-24T05:11:44Z,CAROUSEL_ALBUM,60,high,"[""大巨蛋""]","[""大巨蛋""]",[],2026-09-25T17:20:38.044445106Z,2026-09-25T17:12:33.435185Z,2026-09-25T17:21:46.255167Z,2,dup_8a065cfb286b9812,True,1,,True,
3993161953795670556,"‼️ 光年赴約 終於來到💡台北限定 臺北大巨蛋 ‼️
🔺 F✦FOREVER 恆星之城 光年赴約・台北・限定場演唱會 🔺
▂▂
演出 🎙 2026/11/28 (六) 19:00
演出 🎙 2026/11/29 (日) 19:00
地點 📍 臺北大巨蛋 Taipei Dome
售票 ⏰ 10/04 (日) 13:00 台新Richart卡友專區
售票 ⏰ 10/04 (日) 14:00 拓元售票 全區全面開賣
票價 🎫 即將公布
網站 🔗 即將公布
▂▂",大巨蛋,news__taiwan,https://www.threads.com/@news__taiwan/post/Ddqj6PqmIIc,2026-09-24T09:27:01Z,IMAGE,60,high,"[""大巨蛋""]","[""大巨蛋""]",[],2026-09-25T18:02:27.298468864Z,2026-09-25T17:12:33.435185Z,2026-09-25T18:03:38.875521Z,3,dup_92e19fd6b5e8d157,False,1,,True,ticket_resale
3993448680770442233,"有人知道大巨蛋要買哪一區才能最方便看阿信嗎？是不是沒有四面舞台就沒差了？

真心求問，別吵架拜託🙏🏻

#五月天阿信 #恆星之城 #FForever",大巨蛋,forevermayday_0329,https://www.threads.com/@forevermayday_0329/post/DdrlGq-ExP5,2026-09-24T18:56:41Z,TEXT_POST,60,high,"[""大巨蛋""]","[""大巨蛋""]",[],2026-09-25T18:02:27.298474074Z,2026-09-25T17:12:33.435185Z,2026-09-25T18:03:38.875521Z,3,dup_606cf12b8cb5071b,True,1,,True,
3993657144432084414,"意難平

大巨蛋四萬人
我只想抽Yoasobi 
四場沒有中過一場
還有人退票沒付錢的
我連中的機會都沒有
這到底是什麼抽票機制",大巨蛋,siaike,https://www.threads.com/@siaike/post/DdsUgN4k0W-,2026-09-25T01:50:52Z,TEXT_POST,60,high,"[""大巨蛋""]","[""大巨蛋""]",[],2026-09-25T18:02:27.298449007Z,2026-09-25T17:12:33.435185Z,2026-09-25T18:03:38.875521Z,3,dup_4ad5dec5ba84ce29,True,1,,True,
3993824950280626838,感謝台鋼讓我在大巨蛋不用排隊吃到鳥雞飯,大巨蛋,h.h._huang,https://www.threads.com/@h.h._huang/post/Dds6qHQkaKW,2026-09-25T07:24:16Z,TEXT_POST,60,high,"[""大巨蛋""]","[""大巨蛋""]",[],2026-09-25T19:01:30.783317923Z,2026-09-25T17:21:46.255167Z,2026-09-25T19:02:42.041740Z,2,dup_10fd34413fdccbf9,True,1,,True,
3993827658056190857,大巨蛋有咖啡可以試喝,大巨蛋,cherry.liu.3576,https://www.threads.com/@cherry.liu.3576/post/Dds7RhEkcuJ,2026-09-25T07:29:39Z,CAROUSEL_ALBUM,60,high,"[""大巨蛋""]","[""大巨蛋""]",[],2026-09-25T19:01:30.783079248Z,2026-09-25T17:12:33.435185Z,2026-09-25T19:02:42.041740Z,4,dup_372bdd903aa58189,True,1,,True,
3993830787317186651,第一次ㄉ大巨蛋TT!!,大巨蛋,_clover787_,https://www.threads.com/@_clover787_/post/Dds7_DbD0Bb,2026-09-25T07:35:52Z,IMAGE,60,high,"[""大巨蛋""]","[""大巨蛋""]",[],2026-09-25T19:01:30.783286133Z,2026-09-25T17:21:46.255167Z,2026-09-25T19:02:42.041740Z,2,dup_64bf469f4b3b6942,True,1,,True,
3993846721437024060,"KICK  OFF
・東京ドーム
・京セラドーム
みなさんどっち狙うの？
東京ドームは平日遠征だから無理だー
数年前まで関東民だったので
京セラドームは行ったことないのだけど
今回初チャレンジ✊
土日だから、倍率やばそーね🥲",東京ドーム,t.u.l.i.p.11026,https://www.threads.com/@t.u.l.i.p.11026/post/Dds_m7OnL88,2026-09-25T08:07:31Z,TEXT_POST,60,high,"[""東京ドーム""]","[""東京ドーム""]",[],2026-09-25T20:03:45.282536763Z,2026-09-25T20:04:54.682466Z,2026-09-25T20:04:54.682466Z,1,dup_0fc31c5124885b51,True,1,,True,
3993846982598939537,"9月27日東京ドーム対ヤクルト戦。
一塁側内野席、会社の福利厚生で当たったペアチケットだったんだけど、一緒に行く予定だった人が急遽病欠になった。

一人か…一人で行くのか…？！

キャンプはソロで行けるけど、東京ドームに一人は勇気がいるなぁ。",東京ドーム,sierra_no_kodo,https://www.threads.com/@sierra_no_kodo/post/Dds_qudE1OR,2026-09-25T08:08:03Z,TEXT_POST,60,high,"[""東京ドーム""]","[""東京ドーム""]",[],2026-09-25T20:03:45.282634216Z,2026-09-25T20:04:54.682466Z,2026-09-25T20:04:54.682466Z,1,dup_5505657719d5d67a,True,1,,True,
3993874123562597438,"20260925 台北大巨蛋「鷹JOY主題日」 ，蘇慧倫擔任開球嘉賓⚾
影片來源： @wilberlu0302",台北大巨蛋,tarcysu_fans_page,https://www.threads.com/@tarcysu_fans_page/post/DdtF1rckrw-,2026-09-25T09:02:00Z,VIDEO,60,high,"[""台北大巨蛋""]","[""台北大巨蛋""]",[],2026-09-25T18:02:39.261462297Z,2026-09-25T17:12:33.435185Z,2026-09-25T18:03:38.875521Z,3,dup_41aad9920ca5623c,True,1,,True,
3993880835171496221,"YOASOBI台北場
2026/09/26  11:00 公售
沒票的還有最後一次機會
預祝上岸！",YOASOBI,ramiya129865,https://www.threads.com/@ramiya129865/post/DdtHXWHozEd,2026-09-25T09:15:18Z,CAROUSEL_ALBUM,60,high,"[""yoasobi""]","[""YOASOBI""]",[],2026-09-26T04:55:21.723159247Z,2026-09-26T04:55:27.765465Z,2026-09-26T04:55:27.765465Z,1,dup_b1276fa7e22f518e,True,1,,True,
3993908857576397565,"10/15 前會不會公布最後一組嘉賓？
會！各位哈瓜們 10/31 臺北大巨蛋見！",大巨蛋,moba.garena.tw,https://www.threads.com/@moba.garena.tw/post/DdtNvIBIJr9,2026-09-25T10:10:59Z,TEXT_POST,60,high,"[""大巨蛋""]","[""大巨蛋""]",[],2026-09-25T19:01:30.782891358Z,2026-09-25T17:12:33.435185Z,2026-09-25T19:02:42.041740Z,4,dup_28fef99e9283a075,True,1,,True,
3993919043953340037,"看起來大巨蛋完售？
剩下零星票卷是多零星？

還好當初直接決定去日本看",大巨蛋,netting,https://www.threads.com/@netting/post/DdtQDW0ga6F,2026-09-25T10:31:13Z,TEXT_POST,60,high,"[""大巨蛋""]","[""大巨蛋""]",[],2026-09-25T19:01:30.782938205Z,2026-09-25T17:12:33.435185Z,2026-09-25T19:02:42.041740Z,4,dup_4e34e782635c8a88,True,1,,True,
3993919171561724373,"第一次參加應援場電影就被秩序股長糾正
 我以為應援場電影可以唱出來，結果好像不行… 我明明都坐在靠牆，上半身都靠著牆壁，戴著口罩小小的唱歌了，還被隔壁說，妳可以不要唱嗎！
 ………我都夠小聲了，頂多是喊idol、勇者的君の手を取った，還有中間ikura不是唱的段落，能聽得到我的聲音，其他的時候都是電影掩蓋過，而且我戴口罩是能唱的多大聲，距離也都拉開了，然後超想跟妳換位子的！！ i3-4的女生還比妳嗨，我跟孤島一樣貼著牆壁過了2個小時，i1真的是超符合我的樣子 
妳自己不揮手圈、不拍手，自己在看電影，但我想應援啊！！ 因為我沒抽到演唱會門票啊啊啊啊！！ 
真是還好妳後半場離場耶，最後的夜に驅ける，我揮的很開心 
附註：坐在前排有帶應援棒的，還有到三原色拿出應援毛巾的男生，還有兩個人在前排揮的超大力的，我們應該要湊成一排啊！！ 
最後Ikuraお誕生日おめでとう 
YOASOBI 最高！！
下輩子再跟你們一起聽YOASOBI \😭／",YOASOBI,oran_ges0309,https://www.threads.com/@oran_ges0309/post/DdtQFNqjxnV,2026-09-25T10:31:28Z,TEXT_POST,60,high,"[""yoasobi""]","[""YOASOBI""]",[],2026-09-26T04:55:21.723230975Z,2026-09-26T04:55:27.765465Z,2026-09-26T04:55:27.765465Z,1,dup_ab4dbba6e6b9b341,True,1,,True,
3993924460117984752,"請問大巨蛋現場的各位！
有人賞他汽笛嗎？🤩
不管他當天的投球內容，我覺得賞他汽笛，應該是啾迷每次看到他都想做的吧😍😍😍
欺負我們家小孩，還兩個欸！",大巨蛋,yiqian609,https://www.threads.com/@yiqian609/post/DdtRSLBE4Xw,2026-09-25T10:41:59Z,TEXT_POST,60,high,"[""大巨蛋""]","[""大巨蛋""]",[],2026-09-25T19:01:30.783200093Z,2026-09-25T18:03:38.875521Z,2026-09-25T19:02:42.041740Z,2,dup_8d7729077045752c,True,1,,True,
3993935767701511854,"アプグレ申し込み同行者探してます🙇

11/6金曜日
straykids
RUN IT 東京ドーム

お友達がいけなくなってアプグレ落ちても一緒に行ける方だと嬉しいです🥹💦
スリラチャすきのハニペン🐿️93年生まれ",東京ドーム,_afterdark0900,https://www.threads.com/@_afterdark0900/post/DdtT2uBk16u,2026-09-25T11:04:27Z,TEXT_POST,60,high,"[""東京ドーム""]","[""東京ドーム""]",[],2026-09-25T20:03:45.282586186Z,2026-09-25T20:04:54.682466Z,2026-09-25T20:04:54.682466Z,1,dup_babb81b9f6a8192e,True,1,,True,
3993935797564998209,"大巨蛋吃得到Jennie同款花瓣Gelato了🍨
有30種口味可以挑 客製自己的Gelato!!
我選的是芒果雪酪+優格+藍莓乳酪蛋糕 一起吃也很搭🫰🏻

📍Amorino 9/27開幕
大巨蛋 遠東Garden city
(靠近五號捷運站出口!!)",大巨蛋,_qqsheep,https://www.threads.com/@_qqsheep/post/DdtT3J1lAJB,2026-09-25T11:04:30Z,CAROUSEL_ALBUM,60,high,"[""大巨蛋""]","[""大巨蛋""]",[],2026-09-25T18:02:27.298544856Z,2026-09-25T17:12:33.435185Z,2026-09-25T18:03:38.875521Z,3,dup_aae99fe50407c1cb,True,1,,True,
3993941059427710548,"東京ドーム2日間当選したけど、FC先行で今回東京ドーム当たらなかった人っているんですか　
最近の当選率とか気になります",東京ドーム,hagiwara_0915,https://www.threads.com/@hagiwara_0915/post/DdtVDuVCTZU,2026-09-25T11:14:57Z,TEXT_POST,60,high,"[""東京ドーム""]","[""東京ドーム""]",[],2026-09-25T20:03:45.282514141Z,2026-09-25T20:04:54.682466Z,2026-09-25T20:04:54.682466Z,1,dup_08e016a0206c3ab5,True,1,,True,
3993949956402127140,"辛苦今天在大巨蛋的邦迷們
剩8場🙂

截自 CPBL TV",大巨蛋,7988kkk,https://www.threads.com/@7988kkk/post/DdtXFMSCSEk,2026-09-25T11:33:06Z,VIDEO,60,high,"[""大巨蛋""]","[""大巨蛋""]",[],2026-09-25T19:01:30.782926253Z,2026-09-25T18:03:38.875521Z,2026-09-25T19:02:42.041740Z,2,dup_b2c93500ea76d564,True,1,,True,
3993971651439866888,"原價讓票
【節目】：傳說對決十週年
【地點】：台北大巨蛋
【日期】：10/31
【區域】：特A4 第九排
【數量】：1
【售價】：3490
【交易方式】：還未取票（匯款",台北大巨蛋,kiptoo25499,https://www.threads.com/@kiptoo25499/post/DdtcA5XDbQI,2026-09-25T12:15:44Z,IMAGE,60,high,"[""台北大巨蛋""]","[""台北大巨蛋""]",[],2026-09-25T19:25:02.45417753Z,2026-09-25T18:03:38.875521Z,2026-09-25T19:26:06.603626Z,3,dup_39cfeb6865a0fa22,False,1,,True,ticket_resale
3993978221398051716,東京ドーム復活当選2枚で取れたのはありがたいんだけど、同行予定だった人が他で既に同行者登録しちゃったんだよね。SNSで探すかリセール出すか悩むな…🤔💭,東京ドーム,00leaf_0129,https://www.threads.com/@00leaf_0129/post/DdtdggHE8uE,2026-09-25T12:28:48Z,TEXT_POST,60,high,"[""東京ドーム""]","[""東京ドーム""]",[],2026-09-25T20:03:45.282656177Z,2026-09-25T20:04:54.682466Z,2026-09-25T20:04:54.682466Z,1,dup_ba1670be3dc728c2,True,1,,True,
3993982172599891692,"你該不會單身、沒人約烤肉、
發票還沒有中獎、
YOASOBI台北大巨蛋演唱會也沒抽到吧？",大巨蛋,whiteskycat20210228,https://www.threads.com/@whiteskycat20210228/post/DdteZ_9Dzbs,2026-09-25T12:36:39Z,IMAGE,60,high,"[""大巨蛋"",""台北大巨蛋""]","[""大巨蛋"",""台北大巨蛋""]",[],2026-09-25T17:20:47.606307302Z,2026-09-25T17:21:46.255167Z,2026-09-25T17:21:46.255167Z,1,dup_ab83ba60c55ea94c,True,1,,True,
3993992460195446617,"SUPER BEAVER 2026 東京ドーム🦫

名前を呼ぶよ,美しい日,青い春,
セトリ最高っっっっっっっっす！（ ; ; ）

どの曲が好きですか？",東京ドーム,__oohagiii_09,https://www.threads.com/@__oohagiii_09/post/DdtgvtBib9Z,2026-09-25T12:57:05Z,CAROUSEL_ALBUM,60,high,"[""東京ドーム""]","[""東京ドーム""]",[],2026-09-25T19:35:54.199199715Z,2026-09-25T19:36:57.674661Z,2026-09-25T19:36:57.674661Z,1,dup_78beba6a333d2057,True,1,,True,
3993994802119200817,"在這邊鄭重道歉
我不該懷疑
今年能辦出鷹浪、鷹樂祭、皇鷹學院
這些主題日的偉大台鋼球團
還覺得這次大巨蛋沒去不會後悔
看完目前的賽後已在高雄流下悔恨的淚水了",大巨蛋,y___op9,https://www.threads.com/@y___op9/post/DdthRyHElAx,2026-09-25T13:01:44Z,TEXT_POST,60,high,"[""大巨蛋""]","[""大巨蛋""]",[],2026-09-25T19:01:30.783099796Z,2026-09-25T17:12:33.435185Z,2026-09-25T19:02:42.041740Z,4,dup_10d82cace96e3414,True,1,,True,
3993997459268383967,"大巨蛋太恐怖了
這兩天錢不知道花去哪裡了 
有人有頭緒嗎？😵‍💫😵‍💫😵‍💫",大巨蛋,mai.shirakawa.7,https://www.threads.com/@mai.shirakawa.7/post/Ddth4cxgTTf,2026-09-25T13:07:01Z,TEXT_POST,60,high,"[""大巨蛋""]","[""大巨蛋""]",[],2026-09-25T17:20:38.044470523Z,2026-09-25T17:21:46.255167Z,2026-09-25T17:21:46.255167Z,1,dup_65df651cf5d53dc5,True,1,,True,
3994002102413267652,"我還是要再說一次
台鋼大巨蛋除了比賽內容之外 
不論是賽後還是商品沒讓人失望過
你看 賽後讓球員上來互動根本賺爛
今天沒去大巨蛋的各位錯過就錯過了 
明後天還有機會✌️",大巨蛋,mai.shirakawa.7,https://www.threads.com/@mai.shirakawa.7/post/Ddti8BCgZLE,2026-09-25T13:16:14Z,TEXT_POST,60,high,"[""大巨蛋""]","[""大巨蛋""]",[],2026-09-25T19:01:30.783323373Z,2026-09-25T19:02:42.041740Z,2026-09-25T19:02:42.041740Z,1,dup_15b3a33380daafad,True,1,,True,
3994004104960056215,"葉子霆本週連續出大包
還好今天大巨蛋不是錢公播
不然真的會中風",大巨蛋,zhonglunwu,https://www.threads.com/@zhonglunwu/post/DdtjZKDmJuX,2026-09-25T13:20:13Z,CAROUSEL_ALBUM,60,high,"[""大巨蛋""]","[""大巨蛋""]",[],2026-09-25T19:01:30.783189804Z,2026-09-25T17:12:33.435185Z,2026-09-25T19:02:42.041740Z,4,dup_f16bc0aacdf3705a,True,1,,True,
3994018766921878535,"12/9東京ドーム
S席
息子と友達と3人で参戦予定してましたが、
友達がいけなくなり、お一人様同行できる方探しております😶

8歳の息子がいますが気にしない方、
仲良く楽しくできる方が嬉しいですww",東京ドーム,ilysyo1998,https://www.threads.com/@ilysyo1998/post/DdtmuhEn0wH,2026-09-25T13:49:21Z,TEXT_POST,60,high,"[""東京ドーム""]","[""東京ドーム""]",[],2026-09-25T20:03:45.282529459Z,2026-09-25T20:04:54.682466Z,2026-09-25T20:04:54.682466Z,1,dup_3191f57bfec99693,True,1,,True,
3994023579960392018,"急售 9/26（六）大巨蛋L2 205區 13排25、26、27

兩張全票一張半票 ，全票售540半票售490
匯款後給QR code

#台鋼雄鷹",大巨蛋,wang__yun,https://www.threads.com/@wang__yun/post/Ddtn0jkErlS,2026-09-25T13:58:55Z,TEXT_POST,60,high,"[""大巨蛋""]","[""大巨蛋""]",[],2026-09-25T19:01:30.783130253Z,2026-09-25T18:03:38.875521Z,2026-09-25T19:02:42.041740Z,2,dup_18dd5ba2489b6260,True,1,,True,
3994026985894441275,解鎖台北大巨蛋看棒球成就，不過真的要說大巨蛋的內部規劃還有很大的進步空間，今天逛了一下的感想就是怎麼已經30年的福岡巨蛋，在裡面看棒球的體驗都比台北大巨蛋還好。,台北大巨蛋,shenmue1001,https://www.threads.com/@shenmue1001/post/DdtomHlj_E7,2026-09-25T14:05:41Z,CAROUSEL_ALBUM,60,high,"[""台北大巨蛋""]","[""台北大巨蛋""]",[],2026-09-25T17:20:47.606301571Z,2026-09-25T17:12:33.435185Z,2026-09-25T17:21:46.255167Z,2,dup_226a671ac4326bb4,True,1,,True,
3994032444554192623,"#讓票

《流光穿梭 十年傳說》傳說十週年演唱會
10/31 （六）
台北大巨蛋

位置：509
張數：2張（無連號，中間插了2號）
售價：790/張

聯絡方式：私訊",大巨蛋,sheet6213,https://www.threads.com/@sheet6213/post/Ddtp1jXCabv,2026-09-25T14:16:31Z,TEXT_POST,60,high,"[""大巨蛋"",""台北大巨蛋""]","[""大巨蛋"",""台北大巨蛋""]",[],2026-09-25T19:25:02.454126715Z,2026-09-25T17:12:33.435185Z,2026-09-25T19:26:06.603626Z,5,dup_b839ced1a5312688,False,1,,True,ticket_resale
3994037452402782230,"2018.11.13.14LYS東京ドーム
2019.7.14SYSエコパ
2019.11.24マジショ幕張
2022.11.14 MANIFESTO横アリ
2022.11.26ビザサン
2023.5.28LＯＶＥペンミ東京
2023.9.13.14マニフェスト追加東京ドーム
2023.9.7FOLLOW東京ドーム
2023.11.23FOLLOWベルーナ
2024.5.25.26FOLLOW again日産
2024.12.4.5ライヒア東京ドーム
2025.1.19RIIZEペンミ
2025.3.16TWSペンミ
2025.5.11セブチぺンミ
2025.6.28ボネクドアンコン
2025.7.23RIIZEたまアリ
2025.8.6ホシウジ
2025.9.16TWICE東京
2025.12.11.12NEW東京
2026.2.23RIIZE東京
2026.2.5.6C ×Ｍ幕張
2026.4.28TWICE国立
2026.4.29D×S4.29
2026.5.13.14セブチペンミ東京ドーム
20267.23RIIZEペンミ
2026.8.30スキズ国立",東京ドーム,nao19801007,https://www.threads.com/@nao19801007/post/Ddtq-bSEvAW,2026-09-25T14:26:28Z,TEXT_POST,60,high,"[""東京ドーム""]","[""東京ドーム""]",[],2026-09-25T20:03:45.282650696Z,2026-09-25T20:04:54.682466Z,2026-09-25T20:04:54.682466Z,1,dup_5493a60f743aa59b,True,1,,True,
3994046105101017421,"所以一開始公布大巨蛋主題是鷹Joy
大家在猜是什麼的時候
有人說是男模會館
這是猜對了嗎",大巨蛋,hkrosk,https://www.threads.com/@hkrosk/post/Ddts8VvFCFN,2026-09-25T14:43:40Z,TEXT_POST,60,high,"[""大巨蛋""]","[""大巨蛋""]",[],2026-09-25T19:01:30.783194673Z,2026-09-25T17:21:46.255167Z,2026-09-25T19:02:42.041740Z,3,dup_5b7a62e1ebe5b281,True,1,,True,
3994054748755641443,"記錄一下獅巴離場時候😂
是誰這麼可愛在獅巴上面用手電筒跟我們掰掰啦～
#大巨蛋比賽加油💪🏻
#應援團長們也北上了一路平安喔💖
#最後看到離場的是蘇總🫡🫡🫡",大巨蛋,gilliansky520,https://www.threads.com/@gilliansky520/post/Ddtu6HxCsRj,2026-09-25T15:01:18Z,VIDEO,60,high,"[""大巨蛋""]","[""大巨蛋""]",[],2026-09-25T19:01:30.783118952Z,2026-09-25T18:03:38.875521Z,2026-09-25T19:02:42.041740Z,2,dup_a2a551917d855f76,True,1,,True,
3994055214760645783,"想問各位啾迷
大巨蛋三壘側會有球員去簽名嗎
因為明天是坐三壘 想帶球去簽
對了 客隊的選手會給簽嗎？",大巨蛋,v__xc__.2,https://www.threads.com/@v__xc__.2/post/DdtvA5xGtSX,2026-09-25T15:01:46Z,TEXT_POST,60,high,"[""大巨蛋""]","[""大巨蛋""]",[],2026-09-25T19:01:30.783075381Z,2026-09-25T17:12:33.435185Z,2026-09-25T19:02:42.041740Z,3,dup_e6c0bbf3b377ea76,True,1,,True,
3994063200026462405,"售一張 9/27 台鋼雄鷹 vs 統一獅 @大巨蛋
本後 113區 19排前 會跟一個活潑漂亮E女一起看球
賽後嘉賓是梁文音、魏如昀、賴銘偉、閻奕格
原價$1980轉讓，喵迷可議！
家裡有事臨時無法去，演算法拜託惹 🥹",大巨蛋,helenechien,https://www.threads.com/@helenechien/post/Ddtw1GoCYjF,2026-09-25T15:17:38Z,TEXT_POST,60,high,"[""大巨蛋""]","[""大巨蛋""]",[],2026-09-25T19:01:30.783227704Z,2026-09-25T19:02:42.041740Z,2026-09-25T19:02:42.041740Z,1,dup_c7e6a56d015fcd14,False,1,,True,ticket_resale
3994072286500180065,明天要去大巨蛋看統一客場還是去新莊看富邦主場天人交戰啊啊啊啊,大巨蛋,danielinnewtaipei,https://www.threads.com/@danielinnewtaipei/post/Ddty5VEE1Bh,2026-09-25T15:35:41Z,TEXT_POST,60,high,"[""大巨蛋""]","[""大巨蛋""]",[],2026-09-25T19:01:30.783246239Z,2026-09-25T19:02:42.041740Z,2026-09-25T19:02:42.041740Z,1,dup_d4d3ca1a4b75689a,True,1,,True,
3994084617032451545,"某隊大巨蛋的進場人數連兩天輸給室外球場
本來想笑的，但迴力鏢馬上打到自己臉上🤡
註1:樂天流浪主場+台鋼主場開幕戰
註2:食安事件+對票房毫無幫助的響樂趴",大巨蛋,chikarioh20030710,https://www.threads.com/@chikarioh20030710/post/Ddt1swxEkXZ,2026-09-25T16:00:11Z,IMAGE,60,high,"[""大巨蛋""]","[""大巨蛋""]",[],2026-09-25T19:01:30.782957632Z,2026-09-25T17:12:33.435185Z,2026-09-25T19:02:42.041740Z,4,dup_0347c92c9158ccdb,True,1,,True,
3994087927462797401,"北鷹大巨蛋day2
今天兩大兩小出門去
今天主題商品開賣
很怕買不到娃娃
也無法提早到場
出門前已經和他們說
「可能沒辦法買到娃娃」
約11點半到
已排到捷運站和巨蛋的大迴廊
果然大家還是很愛雞

幸好最後有買到
雞娃娃實體超可愛

今天很充實
排隊買商品
大地遊戲蓋章
打卡任務送迴紋針和小卡
買烏雞飯餵食
一打二顧小孩真的有點忙
想跳應援也要一邊看著
好險弟弟沒一直要帶去廁所

收到好多應援小物
非常感謝啾迷們
我們會好好收藏的
四物雞的歌曲真的很感動
謝謝oldv大大給兩小鷹胸章

今天球賽內容頗棒
正毅好投
文杰4/4 三壘安打
世嘉的差點三壘安打
聖恩也有三壘安打
大哥的差點全壘打
長腿帥哥滿壘拆蛋成功
黃群的燈光秀

賽後嘉賓唱歌也超好聽
大家都忍不住一起唱

最後還是忍不住說
9m88好好嗑
88好壯▓▓▓
謝謝藍大方
不把大家當外人
讓我暈爛",大巨蛋,cirayne,https://www.threads.com/@cirayne/post/Ddt2c72GKBZ,2026-09-25T16:06:45Z,TEXT_POST,60,high,"[""大巨蛋""]","[""大巨蛋""]",[],2026-09-25T19:01:30.783282767Z,2026-09-25T19:02:42.041740Z,2026-09-25T19:02:42.041740Z,1,dup_4bc84cb9c69aa1f7,True,1,,True,
3994092807786831327,"今晚蘇永康在台北大巨蛋，
為台鋼雄鷹主場賽事演唱。🎤❤️

活動結束後，
很開心跟大家一起吃飯、一起過中秋節。🌕💕

開心的中秋夜！

#明天花蓮見❤️💕",台北大巨蛋,polli_yu_yu_chin,https://www.threads.com/@polli_yu_yu_chin/post/Ddt3j9AE53f,2026-09-25T16:16:27Z,CAROUSEL_ALBUM,60,high,"[""台北大巨蛋""]","[""台北大巨蛋""]",[],2026-09-25T19:01:43.386581748Z,2026-09-25T19:02:42.041740Z,2026-09-25T19:02:42.041740Z,1,dup_dce420ad9a56167f,True,1,,True,
3994096589967707717,"🎁［這是一篇祭品文］🎁
由於我真的很想要去看YOASOBI的演唱會台北大巨蛋場，但我就是沒有抽到兩天全區的門票⋯
所以決定來貢獻祭品了
祭品：「超惑星」毛巾一條
（顏色可許願，依現場販賣規則為主，出貨時間是依照台灣演唱會時間）
規則：
📌留言你最喜歡YOASOBI的哪首歌（可以寫為什麼也可以不寫）/或是祝版主搶到門票！！
📌會去審一下帳號，按愛心才算有參加
📌時間至9/26 13:00止
📌只抽一位
▓如果我最後還是沒票就告吹了，謝謝各位▓",大巨蛋,yuan09_23,https://www.threads.com/@yuan09_23/post/Ddt4a_bn85F,2026-09-25T16:23:58Z,IMAGE,60,high,"[""大巨蛋"",""台北大巨蛋""]","[""大巨蛋"",""台北大巨蛋""]",[],2026-09-25T19:25:02.45423646Z,2026-09-25T17:12:33.435185Z,2026-09-25T19:26:06.603626Z,5,dup_1745089415548273,True,1,,True,
3994100111915599647,"降價售傳說對決大巨蛋演唱會門票
日期 10/31  19:00
售2400原價2990
尚未取票
售票原因：沒注意到退票期限所以退不了了",大巨蛋,sunman10969,https://www.threads.com/@sunman10969/post/Ddt5OPgE8cf,2026-09-25T16:30:58Z,IMAGE,60,high,"[""大巨蛋""]","[""大巨蛋""]",[],2026-09-25T17:20:38.044530526Z,2026-09-25T17:21:46.255167Z,2026-09-25T17:21:46.255167Z,1,dup_3789d5c95e16343f,True,1,,True,
3994109401770479511,"蘇永康完全可以大巨蛋開演唱會
跟三年前看演唱會時比
瘦好多
狀態超好👍",大巨蛋,emma_wang1008,https://www.threads.com/@emma_wang1008/post/Ddt7VbWk8-X,2026-09-25T16:49:25Z,CAROUSEL_ALBUM,60,high,"[""大巨蛋""]","[""大巨蛋""]",[],2026-09-25T19:01:30.783030968Z,2026-09-25T19:02:42.041740Z,2026-09-25T19:02:42.041740Z,1,dup_96163cefb5fe58b7,True,1,,True,
3994111579461459649,"今天有吃到烤肉嗎？
有到大巨蛋的都算有吃很好吧😍",大巨蛋,suicajc,https://www.threads.com/@suicajc/post/Ddt71HfEx7B,2026-09-25T16:53:45Z,TEXT_POST,60,high,"[""大巨蛋""]","[""大巨蛋""]",[],2026-09-25T18:02:27.298478021Z,2026-09-25T17:12:33.435185Z,2026-09-25T18:03:38.875521Z,3,dup_e1d7ce815b35a863,True,1,,True,
3994116744377108862,"我有一个问题
为什么说彩排爱你一万年这首歌就有人骂cxh恨粉 还是啥其他原因
我只知道这首歌大巨蛋唱过，还是说有其他什么意义？
混迹内娱多年 恨粉这词用谁身上都不可能是cxh身上吧👋

有wm解答吗
知道了我会删掉串文的🙇‍♀️",大巨蛋,kbkyahh9,https://www.threads.com/@kbkyahh9/post/Ddt9ARsCYl-,2026-09-25T17:04:01Z,TEXT_POST,60,high,"[""大巨蛋""]","[""大巨蛋""]",[],2026-09-25T17:11:22.595369142Z,2026-09-25T17:12:33.435185Z,2026-09-25T17:12:33.435185Z,1,dup_40d300b15e2ead0e,True,1,,True,
3994122015813210928,"代購 統一獅應援球棒i cash
原價699元
有人需要嗎？只有一個
明天台北大巨蛋左外野134區可面交",大巨蛋,skychen1981,https://www.threads.com/@skychen1981/post/Ddt-M_GHRMw,2026-09-25T17:14:29Z,IMAGE,60,high,"[""大巨蛋"",""台北大巨蛋""]","[""大巨蛋"",""台北大巨蛋""]",[],2026-09-25T19:25:02.454152754Z,2026-09-25T18:03:38.875521Z,2026-09-25T19:26:06.603626Z,3,dup_64ec1803de6e5c51,True,1,,True,
3994122175263570882,"如果她們真的去東京巨蛋的話？

可不可以讓我們蹭一下

好好笑
01太誠實了！（笑翻）",東京巨蛋,raybirdx,https://www.threads.com/@raybirdx/post/Ddt-PTmGHvC,2026-09-25T17:14:48Z,TEXT_POST,60,high,"[""東京巨蛋""]","[""東京巨蛋""]",[],2026-09-25T19:35:43.91418594Z,2026-09-25T19:36:57.674661Z,2026-09-25T19:36:57.674661Z,1,dup_53add14d4e0dc4cf,True,1,,True,
3994123444097755293,"Snow Man DOME TOUR 2026-2027 ALL SUITE
お譲りいただける方を探しております‼︎

【求】東京ドーム　12/26（土）
【譲】 定価＋手数料で譲って頂ける優しい方♡
【枚数】 1枚

よろしくおねがいします⭐︎

#SnowMan
#東京ドーム12/26(土) 
#親切な方",東京ドーム,lemon_.mint_,https://www.threads.com/@lemon_.mint_/post/Ddt-hxSgaid,2026-09-25T17:17:19Z,TEXT_POST,60,high,"[""東京ドーム""]","[""東京ドーム""]",[],2026-09-25T20:03:45.282738251Z,2026-09-25T20:04:54.682466Z,2026-09-25T20:04:54.682466Z,1,dup_64335e5dcba36a39,True,1,,True,
3994143623675622999,"大巨蛋兩天的戰力品
好像少一個顏色(՞ . .՞)...",大巨蛋,chengdaoooo,https://www.threads.com/@chengdaoooo/post/DduDHa_E7ZX,2026-09-25T18:01:28Z,VIDEO,60,high,"[""大巨蛋""]","[""大巨蛋""]",[],2026-09-25T19:01:30.783162523Z,2026-09-25T19:02:42.041740Z,2026-09-25T19:02:42.041740Z,1,dup_4a5330d6eaf96619,True,1,,True,
3994198236936087311,"Thank you yamahamusicafrica for the NEXO Solution Showcase. It was a pleasure meeting the amazing Mr. John, who delivered an engaging and interactive workshop exploring the beautiful sound of NEXO speakers. 🔊✨ 

I also seized the opportunity to stop by the MUSON School of Music (my alma mater) where I reconnected with my teacher, Mr. Imole Ayo, @imoleayobalogun and saw one of my daughters topdrums1 . I also took a moment to say hello to some of the Diploma students. 🥁❤️

I had a great time!",Tokyo Dome concert,topsticksdrummergirl,https://www.threads.com/@topsticksdrummergirl/post/DduPiJjEScP,2026-09-25T19:46:50Z,VIDEO,60,high,"[""ome"",""con""]","[""Tokyo Dome concert""]",[],2026-09-25T19:47:09.419892489Z,2026-09-25T19:47:22.048067Z,2026-09-25T19:47:22.048067Z,1,dup_b74cb057e180d36e,True,1,,True,
3994198706439285614,"A few months ago, I told Black women to do me a favor and get rich. 😂

Y’all gave that little sentence over 11,000 likes.

But I didn’t leave y’all hanging.

I’ve been building.

Because “get rich” sounds cute until you realize most of us were never handed the systems, vocabulary, tools or roadmap for actually building wealth.

So behind the scenes, I’ve been studying it.

Investing.

Technology.

Career leverage.

AI.

Ownership.",Tokyo Dome concert,govtechbaddie,https://www.threads.com/@govtechbaddie/post/DduPo-zo2tu,2026-09-25T19:46:51Z,TEXT_POST,60,high,"[""ome"",""nce""]","[""Tokyo Dome concert""]",[],2026-09-25T19:47:09.419756659Z,2026-09-25T19:47:22.048067Z,2026-09-25T19:47:22.048067Z,1,dup_5e3ac1b110d43dfa,True,1,,True,
3994359675487240372,"yoasobi什麼野雞樂團
敢不敢加開第三天
票就賣不完了  吧",YOASOBI,disconnectk,https://www.threads.com/@disconnectk/post/Ddu0PY6j8C0,2026-09-26T01:06:40Z,TEXT_POST,60,high,"[""yoasobi""]","[""YOASOBI""]","[""threads_ssr""]",2026-09-26T05:16:12.023230955Z,2026-09-26T05:16:18.093259Z,2026-09-26T05:16:18.093259Z,1,dup_fb55f74e58c164ad,True,1,,True,
3994393132091526217,"有沒有人想看今晚9/26 
Treasure在高雄巨蛋演唱會的？
我有2張橙211區的票，數量有限喔⋯⋯

現場給票～請私訊我▓

非詐騙，黃牛別來亂！

#寶石盒
#TREASURE",演唱會,xiaonainai1491,https://www.threads.com/@xiaonainai1491/post/Ddu72Pzk0xJ,2026-09-26T02:13:09Z,TEXT_POST,60,high,"[""演唱會""]","[""演唱會""]","[""threads_ssr""]",2026-09-26T06:22:49.229741462Z,2026-09-26T06:02:27.179660Z,2026-09-26T06:22:55.288573Z,3,dup_8a45a7bf0fbb4fb3,False,1,,True,ticket_resale
3994411709200686223,"LANY演唱會降售乙張，1000元就好
缺點是必須跟我坐😂😂😂",演唱會,ck231027,https://www.threads.com/@ck231027/post/DdvAElFkVyP,2026-09-26T02:50:03Z,IMAGE,60,high,"[""演唱會""]","[""演唱會""]","[""threads_ssr""]",2026-09-26T11:43:10.654494298Z,2026-09-26T06:02:27.179660Z,2026-09-26T11:43:16.888165Z,4,dup_63a2511c4c38e045,False,1,,True,ticket_resale
3994412738297800956,"Yoasobi 沒票難民來報到了⋯⋯ 啟動懸浮倒數計時▓ 讓我有票啦😭😭😭😭

大巨蛋兩天這麼大這麼多位子
沒有我的容身之地嗎？？？",YOASOBI,wawawashisc,https://www.threads.com/@wawawashisc/post/DdvATjgiSj8,2026-09-26T02:52:06Z,CAROUSEL_ALBUM,60,high,"[""yoasobi""]","[""YOASOBI""]","[""threads_ssr""]",2026-09-26T05:16:12.02313135Z,2026-09-26T04:52:13.443025Z,2026-09-26T05:16:18.093259Z,3,dup_82dccc00417c9158,True,1,,True,
3994417940443347769,"yoasobi 的零星票券，還真的是零星欸…
粗估只有不到20張吧😂",YOASOBI,sia_binghong,https://www.threads.com/@sia_binghong/post/DdvBfQYkrs5,2026-09-26T03:02:26Z,TEXT_POST,60,high,"[""yoasobi""]","[""YOASOBI""]","[""threads_ssr""]",2026-09-26T05:16:12.023141339Z,2026-09-26T04:52:13.443025Z,2026-09-26T05:16:18.093259Z,3,dup_edac300650e77068,True,1,,True,
3994417970986229187,"YOASOBI 不到一分鐘就全沒了😮
（沒抽到也沒搶到的人）",YOASOBI,sakataxixi,https://www.threads.com/@sakataxixi/post/DdvBfs1Eh3D,2026-09-26T03:02:30Z,TEXT_POST,60,high,"[""yoasobi""]","[""YOASOBI""]","[""threads_ssr""]",2026-09-26T05:16:12.023117304Z,2026-09-26T04:52:13.443025Z,2026-09-26T05:16:18.093259Z,3,dup_36f45400f2cd5b9e,True,1,,True,
3994428445832765513,"MAMAMOO 4WARD台北小巨蛋
黃2D區 兩張連號｜3排5號+3排6號
票種：全票+福利券 NT$6,980/張
搶多了🥺 有MOOMOO想要嗎！
位置很前面，視線佳，連號一起看演唱會超香✨
有興趣私訊我，非誠勿擾🙏",演唱會,coo45380,https://www.threads.com/@coo45380/post/DdvD4ISk-BJ,2026-09-26T03:23:18Z,IMAGE,60,high,"[""演唱會""]","[""演唱會""]","[""threads_ssr""]",2026-09-26T06:22:49.229790965Z,2026-09-26T06:02:27.179660Z,2026-09-26T06:22:55.288573Z,2,dup_0b739b31044d6c1d,False,1,,True,ticket_resale
3994435809470297956,"都已經實名制了 

你黃牛可不可以不要佔流量

真粉都看不到演唱會..

有沒有人跟我一樣沒搶到😩😩",演唱會,_kuokuo1014_,https://www.threads.com/@_kuokuo1014_/post/DdvFjSNk7dk,2026-09-26T03:37:56Z,CAROUSEL_ALBUM,60,high,"[""演唱會""]","[""演唱會""]","[""threads_ssr""]",2026-09-26T11:43:10.654507798Z,2026-09-26T06:02:27.179660Z,2026-09-26T11:43:16.888165Z,4,dup_aa0ce2537c27bbd5,True,1,,True,
3994436191227424745,"#售

izna Concert Tour：WHO DAT GIRL? in TAIPEI
有一樓$4280兩張，序號8XX（XX小於10）

票是從別人那邊收來的，有購證，匯款後可以直接給您對方的帳號去對接，演唱會前五天給取票序號

如果有需要的話有手燈可以租借
手燈圈可賣（全新）

求售當天有事情無法去看演唱會🥲",演唱會,shjzjxmxoia_,https://www.threads.com/@shjzjxmxoia_/post/DdvFo1wEy_p,2026-09-26T03:38:42Z,TEXT_POST,60,high,"[""演唱會""]","[""演唱會""]","[""threads_ssr""]",2026-09-26T06:22:49.229667773Z,2026-09-26T06:02:27.179660Z,2026-09-26T06:22:55.288573Z,3,dup_7844aa3462321b25,False,1,,True,ticket_resale
3994442045955680474,"#讓售
原本今晚要去的演唱會
男友感冒了🥺
售兩張，一張1500$
真的不是詐騙！
跪求脆神了！",演唱會,jennnnnnn.h,https://www.threads.com/@jennnnnnn.h/post/DdvG-CZEqja,2026-09-26T03:50:20Z,IMAGE,60,high,"[""演唱會""]","[""演唱會""]","[""threads_ssr""]",2026-09-26T06:22:49.229731613Z,2026-09-26T06:22:55.288573Z,2026-09-26T06:22:55.288573Z,1,dup_e28125dc6f669033,False,1,,True,ticket_resale
3994443779771871809,"#讓票#MAMAMOO台北演唱會門票
 特1區 6980*2 可拆
只讓給真正需要的粉絲 粉絲原價
黃牛勿擾 謝謝🙏￼",演唱會,turtle.46428141,https://www.threads.com/@turtle.46428141/post/DdvHXRIkjJB,2026-09-26T03:53:46Z,IMAGE,60,high,"[""演唱會""]","[""演唱會""]","[""threads_ssr""]",2026-09-26T06:22:49.229684725Z,2026-09-26T06:02:27.179660Z,2026-09-26T06:22:55.288573Z,3,dup_20167df711453c73,False,3,same_author_exact,True,ticket_resale
3994444320106159255,"依家想出2張飛，萬能的threads🙏🏻
希望有fans收留？back number 香港演唱會
880*2 有意DM plsss🫶🏻",演唱會,duc.k7181,https://www.threads.com/@duc.k7181/post/DdvHfIXARyX,2026-09-26T03:54:51Z,IMAGE,60,high,"[""演唱會""]","[""演唱會""]","[""threads_ssr""]",2026-09-26T06:08:56.991338718Z,2026-09-26T06:02:27.179660Z,2026-09-26T06:09:03.154863Z,2,dup_8ccb5d9181580150,False,1,,True,ticket_resale
3994446845984286524,"#讓票#售票 MAMAMOO演唱會門票 台北場
第一次幫朋友搶到熱門的門票😭
結果她自己也有搶到了🥹
多兩張 原價讓 6980*2 可拆
只限粉絲～￼",演唱會,gazelle.3404296,https://www.threads.com/@gazelle.3404296/post/DdvID4xEqc8,2026-09-26T03:59:52Z,IMAGE,60,high,"[""演唱會""]","[""演唱會""]","[""threads_ssr""]",2026-09-26T06:08:56.991304317Z,2026-09-26T06:02:27.179660Z,2026-09-26T06:09:03.154863Z,2,dup_ab4266c67fe851de,False,3,same_author_exact,True,ticket_resale
3994449266274367299,"朋友幫我搶到3270超級開心黃3E
但他結帳完貼資訊給我我仔細一看
11/28投票日那天我要當投票所工作人員…..
工作人員表單已經送出沒辦法換人，做完也不太可能趕得上演唱會，我忘記跟他說我只能29號了⋯⋯

我好蠢自己搶不到票，朋友幫搶又忘記自己要注意日期
換票？讓票？退票？
我好糾結▓▓▓",演唱會,lanni0818,https://www.threads.com/@lanni0818/post/DdvInG1mndD,2026-09-26T04:04:40Z,TEXT_POST,60,high,"[""演唱會""]","[""演唱會""]","[""threads_ssr""]",2026-09-26T06:02:21.117299736Z,2026-09-26T06:02:27.179660Z,2026-09-26T06:02:27.179660Z,1,dup_871300449ce6ffdc,True,1,,True,
3994456770068228994,"看到台灣Yoasobi沒票想著要出國的人
可不可以仔細看日期啊
28號是投票日啊！！！！！

先是台灣人才是追星人啊🫠🫠🫠",YOASOBI,andrewjk10969,https://www.threads.com/@andrewjk10969/post/DdvKUTSkiuC,2026-09-26T04:19:35Z,TEXT_POST,60,high,"[""yoasobi""]","[""YOASOBI""]","[""threads_ssr""]",2026-09-26T05:16:12.023137021Z,2026-09-26T04:52:13.443025Z,2026-09-26T05:16:18.093259Z,3,dup_d961ce7bad63170a,True,1,,True,
3994459593481647416,"更新～今天早上請家人買到💙🩷各一想換🖤，有點盒損，因為早上太激烈了🫠🫠
求換🖤
高雄台南面交優先或高雄演唱會面交",演唱會,yee_foodielife,https://www.threads.com/@yee_foodielife/post/DdvK9YzH_U4,2026-09-26T04:25:12Z,TEXT_POST,60,high,"[""演唱會""]","[""演唱會""]","[""threads_ssr""]",2026-09-26T06:22:49.229747764Z,2026-09-26T06:02:27.179660Z,2026-09-26T06:22:55.288573Z,3,dup_3114802ed7c6e75e,False,1,,True,ticket_resale
3994472841248680892,"#讓票#售票 MAMAMOO演唱會門票 台北場
第一次幫朋友搶到熱門的門票😭
結果她自己也有搶到了🥹
多兩張 原價讓 6980*2 可拆
只限粉絲～￼",演唱會,gazelle.3404296,https://www.threads.com/@gazelle.3404296/post/DdvN-Kvkqu8,2026-09-26T04:51:31Z,IMAGE,60,high,"[""演唱會""]","[""演唱會""]","[""threads_ssr""]",2026-09-26T06:22:49.229690135Z,2026-09-26T06:02:27.179660Z,2026-09-26T06:22:55.288573Z,3,dup_ab4266c67fe851de,False,3,same_author_exact,False,content_duplicate
3994472956004795523,"#讓票#MAMAMOO台北演唱會門票
 特1區 6980*2 可拆
只讓給真正需要的粉絲 粉絲原價
黃牛勿擾 謝謝🙏￼",演唱會,turtle.46428141,https://www.threads.com/@turtle.46428141/post/DdvN_1nkgSD,2026-09-26T04:51:44Z,IMAGE,60,high,"[""演唱會""]","[""演唱會""]","[""threads_ssr""]",2026-09-26T06:08:56.991366359Z,2026-09-26T06:02:27.179660Z,2026-09-26T06:09:03.154863Z,2,dup_20167df711453c73,False,3,same_author_exact,False,content_duplicate
3994483379587351274,"超好笑演唱會talk 金在中難得被回到無話可說😂
💚金在中：你對我的愛有多少？
👼Babies：跟哥哥的財產一樣多💰💰💰
💚：但親愛的很抱歉…我昨天破產了💸
👼：沒關係我錢很多 歐巴🫶",演唱會,wish_may_be,https://www.threads.com/@wish_may_be/post/DdvQXhVgYLq,2026-09-26T05:14:55Z,VIDEO,60,high,"[""演唱會""]","[""演唱會""]","[""threads_ssr""]",2026-09-26T16:40:47.664760701Z,2026-09-26T16:40:53.727194Z,2026-09-26T16:40:53.727194Z,1,dup_58599e39ca46349d,True,1,,True,
3994488793848435966,"原價讓
MAMAMOO演唱會門票🎫
幫女兒有多搶一張，還有人想要的嗎？",演唱會,xhsg353836,https://www.threads.com/@xhsg353836/post/DdvRmTwnVT-,2026-09-26T05:23:12Z,IMAGE,60,high,"[""演唱會""]","[""演唱會""]","[""threads_ssr""]",2026-09-26T06:22:49.229783902Z,2026-09-26T06:02:27.179660Z,2026-09-26T06:22:55.288573Z,2,dup_0af8a5c44b01dbb1,False,2,same_author_exact,True,ticket_resale
3994492683032814049,"有沒有人想看這個演唱會音樂劇
原本有吳思賢然後加上整體的人想說可以去看看
但現在吳思賢退出我就不太想去了
我可以降價賣
兩張不分售
新北土城永和板橋面交
僅接受面交付現
畢竟現在詐騙猖獗
加上用寄的也有風險
望見諒🙏🙏🙏

可私訊",演唱會,ann820711ann,https://www.threads.com/@ann820711ann/post/DdvSe52EWHh,2026-09-26T05:30:56Z,IMAGE,60,high,"[""演唱會""]","[""演唱會""]","[""threads_ssr""]",2026-09-26T11:43:10.654429682Z,2026-09-26T06:09:03.154863Z,2026-09-26T11:43:16.888165Z,3,dup_69f95ee5e3f739d6,False,1,,True,ticket_resale
3994493799507173270,"想起百々花在20th之後的那篇長文
然後今天成為了22期生
這肯定垂直加推惹（嗚嗚嗚
-------------

有幸參加了
AKB48 20週年紀念演唱會
akbは青春ですin武道館🌸 

真的非常感謝現役的各位、畢業生的各位、工作人員以及所有相關人士，也謝謝來到武道館現場的大家，以及透過 Hulu 收看直播的大家。

我加入 AKB48 後不久，就遇上了新冠疫情，因此幾乎沒有什麼機會能參加演唱會，或站上劇場的舞台。

所以，我一直、一直、一直都覺得，今後的人生裡，我一定再也不可能親身參與演唱會，更不可能有機會站上演唱會的舞台了。

可是如今，已經離開 AKB48 的我，竟然還能站上如此巨大的舞台，從最棒、最特等的位置，看著那片我一直憧憬著的、閃閃發光的無數螢光棒。

真的非常感謝。

https://www.instagram.com/p/DR4uVjlkr_j/?igsh=eGtuM2wydnpqNW5x&img_index=3",演唱會,moroboshiataruuu,https://www.threads.com/@moroboshiataruuu/post/DdvSvJpIB-W,2026-09-26T05:33:09Z,TEXT_POST,60,high,"[""演唱會""]","[""演唱會""]","[""threads_ssr""]",2026-09-26T06:02:21.117334227Z,2026-09-26T06:02:27.179660Z,2026-09-26T06:02:27.179660Z,1,dup_a5e52abdd2546e7e,True,1,,True,
3994494949424462470,"想問有人在trip上買過演唱會門票嗎
是在平台上買好到日本現場再換票就好了嗎？
想去YOASOBI 11月28、29福岡場

放棄台灣場了
國泰優先購→兩次抽選→公售 全部失敗😭",演唱會,y_mga21,https://www.threads.com/@y_mga21/post/DdvS_4liXqG,2026-09-26T05:35:26Z,IMAGE,60,high,"[""演唱會""]","[""演唱會""]","[""threads_ssr""]",2026-09-26T11:43:10.654521698Z,2026-09-26T06:02:27.179660Z,2026-09-26T11:43:16.888165Z,4,dup_c4fd7b593c2f0535,True,1,,True,
3994498604031113745,"原價讓
YOASOBI演唱會門票🎫
內部票！
6880*4
6280*2
5880*3無
3880*2
1800*4餘2
原價 原價 原價
原價轉給粉絲
黃牛別來
可面交￼",演唱會,hjkl78789,https://www.threads.com/@hjkl78789/post/DdvT1ENEXoR,2026-09-26T05:42:42Z,CAROUSEL_ALBUM,60,high,"[""演唱會""]","[""演唱會""]","[""threads_ssr""]",2026-09-26T06:02:21.117371403Z,2026-09-26T06:02:27.179660Z,2026-09-26T06:02:27.179660Z,1,dup_ae224948d1f97c4d,False,1,,True,ticket_resale
3994502184633439682,"演唱會新手求解
請問一抽二抽
第三次搶票都沒有中yoasobi票的人類
還有什麼機會可以拿到票嗎🥲",演唱會,hocc_joan,https://www.threads.com/@hocc_joan/post/DdvUpK5mRXC,2026-09-26T05:49:49Z,TEXT_POST,60,high,"[""演唱會""]","[""演唱會""]","[""threads_ssr""]",2026-09-26T06:02:21.117194527Z,2026-09-26T06:02:27.179660Z,2026-09-26T06:02:27.179660Z,1,dup_0a8d2e179779ceb6,True,1,,True,
3994507781428455056,"多搶到一張媽木演唱會票😂
紫2D區7排13號｜含福利券、抽獎資格
11/29下午3點 小巨蛋
不知道有沒有粉絲想要？
有意再私，誠釋🥰",演唱會,hou73620,https://www.threads.com/@hou73620/post/DdvV6nUk6aQ,2026-09-26T06:00:56Z,IMAGE,60,high,"[""演唱會""]","[""演唱會""]","[""threads_ssr""]",2026-09-26T11:43:10.654532815Z,2026-09-26T06:09:03.154863Z,2026-09-26T11:43:16.888165Z,3,dup_ed57a8f199a05e6c,False,1,,True,ticket_resale
3994509221442745939,"原價讓
MAMAMOO演唱會門票🎫
幫女兒有多搶一張，還有人想要的嗎？",演唱會,xhsg353836,https://www.threads.com/@xhsg353836/post/DdvWPkcHfZT,2026-09-26T06:03:48Z,IMAGE,60,high,"[""演唱會""]","[""演唱會""]","[""threads_ssr""]",2026-09-26T06:22:49.22962896Z,2026-09-26T06:09:03.154863Z,2026-09-26T06:22:55.288573Z,2,dup_0af8a5c44b01dbb1,False,2,same_author_exact,False,content_duplicate
3994514047659805074,"#讓票#售票 MAMAMOO演唱會門票 台北場
第一次幫朋友搶到熱門的門票😭
結果她自己也有搶到了🥹
多兩張 原價讓 6980*2 可拆
只限粉絲～￼",演唱會,gazelle.3404296,https://www.threads.com/@gazelle.3404296/post/DdvXVzNEgmS,2026-09-26T06:13:23Z,IMAGE,60,high,"[""演唱會""]","[""演唱會""]","[""threads_ssr""]",2026-09-26T06:22:49.229646663Z,2026-09-26T06:22:55.288573Z,2026-09-26T06:22:55.288573Z,1,dup_ab4266c67fe851de,False,3,same_author_exact,False,content_duplicate
3994514140471410596,"#讓票#MAMAMOO台北演唱會門票
 特1區 6980*2 可拆
只讓給真正需要的粉絲 粉絲原價
黃牛勿擾 謝謝🙏",演唱會,turtle.46428141,https://www.threads.com/@turtle.46428141/post/DdvXXJpEr-k,2026-09-26T06:13:34Z,IMAGE,60,high,"[""演唱會""]","[""演唱會""]","[""threads_ssr""]",2026-09-26T06:22:49.229757533Z,2026-09-26T06:22:55.288573Z,2026-09-26T06:22:55.288573Z,1,dup_20167df711453c73,False,3,same_author_exact,False,content_duplicate
3994525826708368388,"來竹北聽戶外演唱會。 (/^▽^)/ 
...
李聖傑1：30就來彩排了，實力真的很猛，飆高音不手軟。採排不能拍照，等晚上7：00再來拍。
...
#竹北演唱會#李聖傑#巫啟賢#趙傳",演唱會,mingjengliu,https://www.threads.com/@mingjengliu/post/DdvaBNTE2wE,2026-09-26T06:36:47Z,CAROUSEL_ALBUM,60,high,"[""演唱會""]","[""演唱會""]","[""threads_ssr""]",2026-09-26T11:43:10.654503792Z,2026-09-26T11:43:16.888165Z,2026-09-26T11:43:16.888165Z,1,dup_9c117a4c8fbf2b5b,True,1,,True,
3994533771860898962,"拼盤演唱會還有4個小時就表演了你告訴我取消
泰國主辦方又讓我上了一課啊",演唱會,limei88686,https://www.threads.com/@limei88686/post/Ddvb00zEfSS,2026-09-26T06:52:34Z,TEXT_POST,60,high,"[""演唱會""]","[""演唱會""]","[""threads_ssr""]",2026-09-26T11:43:10.654510822Z,2026-09-26T11:43:16.888165Z,2026-09-26T11:43:16.888165Z,1,dup_6a08b3959433f314,True,1,,True,
3994552338904368042,"山田涼介 演唱會確定中止了
排除萬難買了貴貴機票
淹水了渡河了
取消了

（雖然是為了大家的安全沒錯）
但好痛😭",演唱會,eating_hsj,https://www.threads.com/@eating_hsj/post/DdvgDAtGcOq,2026-09-26T07:29:28Z,TEXT_POST,60,high,"[""演唱會""]","[""演唱會""]","[""threads_ssr""]",2026-09-26T11:43:10.654437413Z,2026-09-26T11:43:16.888165Z,2026-09-26T11:43:16.888165Z,1,dup_6fffa77c2c92045d,True,1,,True,
3994581137549625597,"請問竹北演唱會
愛心席的票還有嗎？現在出發",演唱會,smallpepper_winnie,https://www.threads.com/@smallpepper_winnie/post/DdvmmFiHwj9,2026-09-26T08:26:41Z,TEXT_POST,60,high,"[""演唱會""]","[""演唱會""]","[""threads_ssr""]",2026-09-26T11:43:10.65440143Z,2026-09-26T11:43:16.888165Z,2026-09-26T11:43:16.888165Z,1,dup_2b8ad2b1ac73e4a0,True,1,,True,
3994582283801849262,"#代友原價讓
83z高雄場
2D 5排 有兩張 $6080+30取票手續費

📍演唱會前台中彰化面交 需要配合我
📍希望能讓給真的喜歡哥哥們的欸噗",演唱會,jane__0108,https://www.threads.com/@jane__0108/post/Ddvm2xEE-2u,2026-09-26T08:28:57Z,TEXT_POST,60,high,"[""演唱會""]","[""演唱會""]","[""threads_ssr""]",2026-09-26T11:43:10.654516681Z,2026-09-26T11:43:16.888165Z,2026-09-26T11:43:16.888165Z,1,dup_012086bc9d00f452,False,1,,True,ticket_resale
3994611119230112087,"原價讓
MAMAMOO演唱會門票🎫
6980*2
5980*2
3980*2
3280*2
不需要訂金 不需要匯款
面交再付款
一張可賣",演唱會,perylia7584,https://www.threads.com/@perylia7584/post/DdvtaYJiVFX,2026-09-26T09:26:15Z,CAROUSEL_ALBUM,60,high,"[""演唱會""]","[""演唱會""]","[""threads_ssr""]",2026-09-26T11:43:10.654441589Z,2026-09-26T11:43:16.888165Z,2026-09-26T11:43:16.888165Z,1,dup_3e4a9409a32cc38d,False,2,same_author_near_duplicate,True,ticket_resale
3994627562471167181,"原價讓
MAMAMOO演唱會門票🎫
6980*2
5980*2
3980*2（剩1）
3280*2
不需要訂金 不需要匯款
面交再付款
一張可賣￼",演唱會,xelor178,https://www.threads.com/@xelor178/post/DdvxJqHFBTN,2026-09-26T09:58:55Z,CAROUSEL_ALBUM,60,high,"[""演唱會""]","[""演唱會""]","[""threads_ssr""]",2026-09-26T11:43:10.654498243Z,2026-09-26T11:43:16.888165Z,2026-09-26T11:43:16.888165Z,1,dup_e1ea60d848654816,False,1,,True,ticket_resale
3994627707611468939,"老實說…覺得演唱會中止可以早一點說😭
至少中午要說

因為很多人都已經排除萬難出發、到現場了

我也是人生第一次冒雨涉水去搭捷運，因為完全沒有計程車可以叫

而且我還帶著行李要去寄😂
扛過淹水區的時候真的超崩潰…

下次涼介直接在台灣開三場好了
台灣絕對不會遇到這種狀況的🥹",演唱會,goodfood__detective,https://www.threads.com/@goodfood__detective/post/DdvxLxSHVSL,2026-09-26T09:59:12Z,TEXT_POST,60,high,"[""演唱會""]","[""演唱會""]","[""threads_ssr""]",2026-09-26T11:43:10.654410664Z,2026-09-26T11:43:16.888165Z,2026-09-26T11:43:16.888165Z,1,dup_31968407c346406d,True,1,,True,
3994638961726440736,牛奶演唱會是真的要本人確認……,演唱會,psychopomp_4444,https://www.threads.com/@psychopomp_4444/post/Ddvzvifo8Ug,2026-09-26T10:21:34Z,TEXT_POST,60,high,"[""演唱會""]","[""演唱會""]","[""threads_ssr""]",2026-09-26T16:40:47.664431397Z,2026-09-26T11:43:16.888165Z,2026-09-26T16:40:53.727194Z,2,dup_9b4121915630f4a8,True,1,,True,
3994642178748936276,去不了明年的演唱會 至少讓我去威秀電影場吧，請問Yoasobi 的電影票現在還買得到嗎▓,演唱會,b8427,https://www.threads.com/@b8427/post/Ddv0eWlH3BU,2026-09-26T10:27:57Z,TEXT_POST,60,high,"[""演唱會""]","[""演唱會""]","[""threads_ssr""]",2026-09-26T16:40:47.664575205Z,2026-09-26T16:40:53.727194Z,2026-09-26T16:40:53.727194Z,1,dup_19365347aef5e120,True,1,,True,
3994644469802757041,"出mamamoo 演唱會門票
3980兩張連坐 原價讓
當天行程衝突 無法進去觀看￼",演唱會,liwen79968,https://www.threads.com/@liwen79968/post/Ddv0_sSkmux,2026-09-26T10:32:30Z,IMAGE,60,high,"[""演唱會""]","[""演唱會""]","[""threads_ssr""]",2026-09-26T16:40:47.664651648Z,2026-09-26T11:43:16.888165Z,2026-09-26T16:40:53.727194Z,2,dup_4e2e0af0214efd47,False,1,,True,ticket_resale
3994644751156758408,為什麼會在LANY演唱會還沒開始的時候合唱maroon 5的she will be loved🤣🤣,演唱會,chiaseeingtheworld,https://www.threads.com/@chiaseeingtheworld/post/Ddv1DyUk8eI,2026-09-26T10:33:04Z,TEXT_POST,60,high,"[""演唱會""]","[""演唱會""]","[""threads_ssr""]",2026-09-26T11:43:10.654433588Z,2026-09-26T11:43:16.888165Z,2026-09-26T11:43:16.888165Z,1,dup_b7abf79390abde40,True,1,,True,
3994648560641734921,"🔥🔥 🔥
YOASOBI演唱會門票🎫
YOASOBI ASIA 10-CITY DOME & STADIUM TOUR 2026-2027 超惑星“SUPER PLANET”IN TAIPEI
6880*2
6280*2
5880*3
2800*2
1800*2
原價 原價 原價
原價轉給粉絲
黃牛別來
可面交￼
還有需要的嗎❓",演唱會,adaidai5,https://www.threads.com/@adaidai5/post/Ddv17OLk3kJ,2026-09-26T10:40:38Z,CAROUSEL_ALBUM,60,high,"[""演唱會""]","[""演唱會""]","[""threads_ssr""]",2026-09-26T11:43:10.654397334Z,2026-09-26T11:43:16.888165Z,2026-09-26T11:43:16.888165Z,1,dup_7b0f887f2990b64b,False,1,,True,ticket_resale
3994652634989460891,"#讓票#MAMAMOO演唱會門票
特3區 6980*2 可拆
粉絲優先原價
有需要票的粉絲可以找我
黃牛勿擾 謝謝🙏",演唱會,liangjingqiu46,https://www.threads.com/@liangjingqiu46/post/Ddv22gtn_2b,2026-09-26T10:48:44Z,IMAGE,60,high,"[""演唱會""]","[""演唱會""]","[""threads_ssr""]",2026-09-26T16:40:47.664645677Z,2026-09-26T11:43:16.888165Z,2026-09-26T16:40:53.727194Z,2,dup_49a684deb72ecb9e,False,1,,True,ticket_resale
3994655351966502010,現主時 LANY 演唱會現場大家在合唱I want it that way 好愛,演唱會,_____cph_annn,https://www.threads.com/@_____cph_annn/post/Ddv3eDGE4x6,2026-09-26T10:54:08Z,TEXT_POST,60,high,"[""演唱會""]","[""演唱會""]","[""threads_ssr""]",2026-09-26T20:06:25.289560617Z,2026-09-26T11:43:16.888165Z,2026-09-26T20:06:31.356081Z,3,dup_4510eb7cc9b1697b,True,1,,True,
3994661477151619316,"家人這幾天突然急性青光眼
很可能沒辦法去看演唱會 光亮太刺激
嚴重的話會造成失明
有跟trip客服講
說還是要看醫療證明（我們一定是有的）
再評估可不可退
好焦慮⋯一張12000🥲啊啊啊啊
有人有相關經驗嗎⋯",演唱會,nihaww00,https://www.threads.com/@nihaww00/post/Ddv43Lnjzj0,2026-09-26T11:06:18Z,TEXT_POST,60,high,"[""演唱會""]","[""演唱會""]","[""threads_ssr""]",2026-09-26T16:40:47.664719164Z,2026-09-26T16:40:53.727194Z,2026-09-26T16:40:53.727194Z,1,dup_69414659d6bb8bef,True,1,,True,
3994662474112803795,看個演唱會還能遇到趕場的棒球迷🫡,演唱會,moon_.rolls,https://www.threads.com/@moon_.rolls/post/Ddv5FsHE6PT,2026-09-26T11:08:17Z,IMAGE,60,high,"[""演唱會""]","[""演唱會""]","[""threads_ssr""]",2026-09-26T23:06:30.593488634Z,2026-09-26T16:40:53.727194Z,2026-09-26T23:06:36.661901Z,2,dup_86fe818f9ef68710,True,1,,True,
3994671551324182511,"出兩張BABYMONSTER香港演唱會飛
兩張一起原價出 一張一樣可以放
HKD$2299×2  HKD$1699x2
同好姐妹一起搶多了兩張  有冇寶怪真愛粉
個人出飛可以原價 詐騙走開",演唱會,uis5206,https://www.threads.com/@uis5206/post/Ddv7Jx7CVfv,2026-09-26T11:26:19Z,IMAGE,60,high,"[""演唱會""]","[""演唱會""]","[""threads_ssr""]",2026-09-26T11:43:10.654469451Z,2026-09-26T11:43:16.888165Z,2026-09-26T11:43:16.888165Z,1,dup_10647079669cd2f0,False,1,,True,ticket_resale
3994679510729719643,"超級好超級帥超級暖的一個人
演唱會結束看到他轉身下台的背影我直接哭出來😭
一期一會
台灣場抽不到票這個坎我不知道要多久才過得去
在別人家看演唱會跟在自己家真的大不同

希望台灣場有票的幸運星們一定要給我們小拓滿滿的愛與應援",演唱會,michellelinis,https://www.threads.com/@michellelinis/post/Ddv89msk39b,2026-09-26T11:42:08Z,CAROUSEL_ALBUM,60,high,"[""演唱會""]","[""演唱會""]","[""threads_ssr""]",2026-09-26T20:06:25.28948197Z,2026-09-26T20:06:31.356081Z,2026-09-26T20:06:31.356081Z,1,dup_11c2b7e7468ed9ad,True,1,,True,
3994690730258474708,"木村拓哉韓國演唱會太好看了
2小時半不夠啊～～～
不過他有指我 一切都值得了！！！
接下來 台灣🇹🇼見",演唱會,takuya.yamashita.8,https://www.threads.com/@takuya.yamashita.8/post/Ddv_g3smibU,2026-09-26T12:04:25Z,CAROUSEL_ALBUM,60,high,"[""演唱會""]","[""演唱會""]","[""threads_ssr""]",2026-09-26T20:06:25.289359081Z,2026-09-26T16:40:53.727194Z,2026-09-26T20:06:31.356081Z,2,dup_5d46b31c0f5b125b,True,1,,True,
3994701974155893385,"出s23u 只有看演唱會才會用！
蠻新的 功能都正常
$11000 可議
只能北捷面交～",演唱會,aswoong_,https://www.threads.com/@aswoong_/post/DdwCEfZHRqJ,2026-09-26T12:26:46Z,TEXT_POST,60,high,"[""演唱會""]","[""演唱會""]","[""threads_ssr""]",2026-09-26T16:40:47.664632943Z,2026-09-26T16:40:53.727194Z,2026-09-26T16:40:53.727194Z,1,dup_52bc113a85bd7f38,False,1,,True,ticket_resale
3994702616647157505,"猜猜看，今天竹北的演唱會需要花費多少錢？
沒有回老家或在地的夥伴們，趕快去欣賞吧！聽到金額沒有享受到，真的很可惜啊！！
快快去享受！明天我們再來慢思細想，到底要不要這樣用錢？

瑞瑾的政見之一：減少舉辦一次性活動，增加特色公園建置。

PS.一時找不到嚴肅表情的照片",演唱會,jin710304,https://www.threads.com/@jin710304/post/DdwCN1wk8cB,2026-09-26T12:28:04Z,IMAGE,60,high,"[""演唱會""]","[""演唱會""]","[""threads_ssr""]",2026-09-26T20:06:25.289212537Z,2026-09-26T16:40:53.727194Z,2026-09-26T20:06:31.356081Z,2,dup_24166d810423eb3a,True,1,,True,
3994702986626758675,"睇完Back number演唱會的感想係
個中文翻譯打字咩事🤣🤣
好搞笑 我見到佢打到一半仲要Load左陣
追唔到然後放棄打字咁🤣🙏",演唱會,alpenglow.0730,https://www.threads.com/@alpenglow.0730/post/DdwCTOVFHgT,2026-09-26T12:28:46Z,TEXT_POST,60,high,"[""演唱會""]","[""演唱會""]","[""threads_ssr""]",2026-09-26T16:40:47.664738159Z,2026-09-26T16:40:53.727194Z,2026-09-26T16:40:53.727194Z,1,dup_63cb3dbd9761bda9,True,1,,True,
3994706391982186216,"back number演唱會觀後感：

1. 發現鼓手hisashi原來幾靚仔
2. 一唱Happy end，前面個女仔即刻拎紙巾抹眼淚
3. 即場翻譯字幕好得意
4. 原來佢哋早一日去咗金魚街波鞋街行
5. 佢哋唔明點解咁多香港人識佢哋😂",演唱會,cheung.chc,https://www.threads.com/@cheung.chc/post/DdwDEx0FJ7o,2026-09-26T12:35:32Z,TEXT_POST,60,high,"[""演唱會""]","[""演唱會""]","[""threads_ssr""]",2026-09-26T20:06:25.289351076Z,2026-09-26T16:40:53.727194Z,2026-09-26T20:06:31.356081Z,2,dup_42efd1f4b1eb58de,True,1,,True,
3994709148302602382,"完尼🫧 ：演出應該是不能拍的吧……！
我記得好像只有謝幕可以拍……！
因為是迪士尼的歌曲……
連錄音也不行……ㅠㅠ
不要這樣嘛ㅠㅠ

-
公告明明就有寫，演出不能拍攝、錄音，只有謝幕可以拍，怎麼還是有人講不聽😭
這個迪士尼演唱會不是一般的演唱會…
真的不要每次都要讓藝人本人出來提醒…
粉絲行為偶像買單🥲 
大家就乖一點、好好遵守規定吧🙏🏻
明天還有兩場，拜託不要再讓完完操心了",演唱會,lrv_wi221329,https://www.threads.com/@lrv_wi221329/post/DdwDs41lHCO,2026-09-26T12:41:01Z,TEXT_POST,60,high,"[""演唱會""]","[""演唱會""]","[""threads_ssr""]",2026-09-26T16:40:47.664554467Z,2026-09-26T16:40:53.727194Z,2026-09-26T16:40:53.727194Z,1,dup_33ab1165e792ba6d,True,1,,True,
3994712545513418952,"唔好講個場垃圾與否先
作為最多嘢呻嘅香港人今次想讚
Back number個演唱會冇怪味
氣氛好好
今年睇過最投入到嘅演唱會
大家好叻🥹🥹",演唱會,hin._z_,https://www.threads.com/@hin._z_/post/DdwEeUvH7DI,2026-09-26T12:47:46Z,TEXT_POST,60,high,"[""演唱會""]","[""演唱會""]","[""threads_ssr""]",2026-09-26T16:40:47.664768856Z,2026-09-26T16:40:53.727194Z,2026-09-26T16:40:53.727194Z,1,dup_0a1e358e05e66768,True,1,,True,
3994716562297950477,我對譚詠麟有些有感而發… 呢幾日仲係不停loop 緊佢演唱會嘅片…. 我談唔上係佢嘅fans，但我對佢嘅歌卻十分熟悉。因為由我小學的時候，我阿哥、家姐、姐夫都係日夜不停係屋企輪流播佢嘅歌，所以我係聽佢嘅歌大嘅。以前細個淨係聽佢嘅歌、睇過佢幾套戲，但從沒有了解過關於佢嘅野。但最近比佢演唱會既片燒到，我由當初的女孩變成而家四十多歲的師奶，而家聽番感覺好感觸、好多回憶…  以前細個聽，唔明的，但人大左，成熟左，經歷多左，而家聽番真係覺得好有 fu、好有體會、好好聽…. 睇番佢以前年輕時候啲舊片，佢都確實係有佢嘅魅力。雖然之後見好多人駡佢為人，但我只係沉醉係佢嘅歌聲裡。除了想起自己小時候，亦想起佢年輕嘅時候，不禁感慨光陰似箭、你我都老了.…,演唱會,lovelymiffy_0623,https://www.threads.com/@lovelymiffy_0623/post/DdwFYxqI5EN,2026-09-26T12:55:45Z,TEXT_POST,60,high,"[""演唱會""]","[""演唱會""]","[""threads_ssr""]",2026-09-26T16:40:47.664539969Z,2026-09-26T16:40:53.727194Z,2026-09-26T16:40:53.727194Z,1,dup_f2cb99f6e8542ed6,True,1,,True,
3994718900092877559,"更幹的是約好明年要一起去看演唱會的
希望你第一場演唱會跟我一樣是Yoasobi
結果現在分手拉 退票還在昨天截止 不能退拉
演唱會當天看到有個宅男旁邊座位是空的那可能就是我這個小丑",演唱會,kakeru_x_,https://www.threads.com/@kakeru_x_/post/DdwF6y5kzr3,2026-09-26T13:00:23Z,IMAGE,60,high,"[""演唱會""]","[""演唱會""]","[""threads_ssr""]",2026-09-26T23:06:30.593259836Z,2026-09-26T23:06:36.661901Z,2026-09-26T23:06:36.661901Z,1,dup_3bea7758bb740f24,True,1,,True,
3994727744117250674,"轉自yt
https://youtu.be/OyKNYj5q-WI?si=ArTVFE-CXlihMm8t
2024/3/10鄭中基台北小巨蛋演唱會

這埸最懊悔買3樓

基哥清唱《半個我》超好聽😊

現場歌迷們大家打著拍子超感動👋

希望下次演唱會來幾埸搶幾埸🤟",演唱會,eudora287106,https://www.threads.com/@eudora287106/post/DdwH7figZpy,2026-09-26T13:26:37Z,VIDEO,60,high,"[""演唱會""]","[""演唱會""]","[""threads_ssr""]",2026-09-26T23:06:30.59347049Z,2026-09-26T16:40:53.727194Z,2026-09-26T23:06:36.661901Z,3,dup_a0e75b12ffa0b7a7,True,1,,True,
3994739858275041972,新手第一次睇back number，想問佢哋嘅演唱會係唔係唔會嗌encore? 我本身想嗌但其他人好似冇諗住嗌，然後亞博又已經即刻叫人離場,演唱會,davidchan115,https://www.threads.com/@davidchan115/post/DdwKrxulAK0,2026-09-26T13:42:02Z,TEXT_POST,60,high,"[""演唱會""]","[""演唱會""]","[""threads_ssr""]",2026-09-26T16:40:47.664417311Z,2026-09-26T16:40:53.727194Z,2026-09-26T16:40:53.727194Z,1,dup_7a93b32aecb708d8,True,1,,True,
3994740053385667033,"Lany演唱會好精實完全沒灌水有夠幸福⋯⋯

跟下午對比根本地獄到天堂😭😍",演唱會,tung830trd,https://www.threads.com/@tung830trd/post/DdwKuncE-HZ,2026-09-26T13:42:25Z,TEXT_POST,60,high,"[""演唱會""]","[""演唱會""]","[""threads_ssr""]",2026-09-26T23:06:30.59320366Z,2026-09-26T16:40:53.727194Z,2026-09-26T23:06:36.661901Z,3,dup_b0b383215868c74d,True,1,,True,
3994750461458483202,"原價出 日本MusicBank 音樂銀行12/12
門票 兩人券
因為和朋友只想去12/13🥺
找看看有沒有人只想去12/12的場次 ！可以一起併，是第一輪中選兩日券 最速先行～
原價總金額¥41485（兩人的金額）

✨詳細可私訊討論～
✨可協助後續升P席 
✨可以協助代付
✨希望是曾有參加過日本演唱會經驗者優先（了解日本演唱會相關規則）
✨只和成年人交易",演唱會,jieyu.219,https://www.threads.com/@jieyu.219/post/DdwNGEtj4gC,2026-09-26T14:03:06Z,CAROUSEL_ALBUM,60,high,"[""演唱會""]","[""演唱會""]","[""threads_ssr""]",2026-09-26T20:06:25.289511866Z,2026-09-26T16:40:53.727194Z,2026-09-26T20:06:31.356081Z,2,dup_8df8de58224bdf09,False,1,,True,ticket_resale
3994752969157516697,"看完LANY演唱會心得
怎麼感覺外國人的比例大於台灣人",演唱會,bea__chill,https://www.threads.com/@bea__chill/post/DdwNqkMEh2Z,2026-09-26T14:08:05Z,TEXT_POST,60,high,"[""演唱會""]","[""演唱會""]","[""threads_ssr""]",2026-09-27T01:42:25.702043581Z,2026-09-26T16:40:53.727194Z,2026-09-27T01:42:31.910945Z,3,dup_7ee7ee98d51db794,True,1,,True,
3994755739318973048,"花蓮怎麼突然變那麼多人🫪
是因為有演唱會的關係嗎？前幾天回來都還空空的",演唱會,rely.___,https://www.threads.com/@rely.___/post/DdwOS4Gj3J4,2026-09-26T14:13:35Z,TEXT_POST,60,high,"[""演唱會""]","[""演唱會""]","[""threads_ssr""]",2026-09-26T20:06:25.289218488Z,2026-09-26T16:40:53.727194Z,2026-09-26T20:06:31.356081Z,2,dup_38958344b461de88,True,1,,True,
3994756937043501412,"各位噗哩 有誰在高雄場可以一起走的嗎
因為是第一次看演唱會 
這幾天滑脆想說還是找個伴好了▓🥹
因為不想讓現實中的朋友看見 所以辦了個新帳
如果可以很願意給噗哩我的大帳🥹
我真的不是詐騙😭",演唱會,ovo_pilli,https://www.threads.com/@ovo_pilli/post/DdwOkTkgWFk,2026-09-26T14:15:58Z,TEXT_POST,60,high,"[""演唱會""]","[""演唱會""]","[""threads_ssr""]",2026-09-26T20:06:25.289581476Z,2026-09-26T16:40:53.727194Z,2026-09-26T20:06:31.356081Z,2,dup_070a73a7dceb082f,True,1,,True,
3994757969279588927,"好奇Lany 演唱會怎麼一半以上都是東南亞人
而且都是一大群那種 在搖滾區被擠到嚇瘋⋯ 
真的嚇瘋從zeppㄧ路看到現在 這場最可怕🥲",演唱會,janice99__,https://www.threads.com/@janice99__/post/DdwOzU6kho_,2026-09-26T14:18:01Z,TEXT_POST,60,high,"[""演唱會""]","[""演唱會""]","[""threads_ssr""]",2026-09-27T01:42:25.701981387Z,2026-09-26T16:40:53.727194Z,2026-09-27T01:42:31.910945Z,4,dup_8f36ee7c6b9ea154,True,1,,True,
3994767892910576299,"想睇LANY演唱會，有冇人都係一個睇🥲
(未買飛）😂",演唱會,_chunsing._,https://www.threads.com/@_chunsing._/post/DdwRDvBEhKr,2026-09-26T14:37:44Z,TEXT_POST,60,high,"[""演唱會""]","[""演唱會""]","[""threads_ssr""]",2026-09-27T01:42:25.702209961Z,2026-09-26T20:06:31.356081Z,2026-09-27T01:42:31.910945Z,3,dup_7dae306303d737f0,True,1,,True,
3994768460843963601,"原價讓
MAMAMOO演唱會門票🎫
6980*1
5980*1
3980*2
3280*2
不需要訂金 不需要匯款
面交再付款
一張可賣",演唱會,perylia7584,https://www.threads.com/@perylia7584/post/DdwRL_8idTR,2026-09-26T14:38:51Z,CAROUSEL_ALBUM,60,high,"[""演唱會""]","[""演唱會""]","[""threads_ssr""]",2026-09-26T20:06:25.289293499Z,2026-09-26T16:40:53.727194Z,2026-09-26T20:06:31.356081Z,2,dup_3e4a9409a32cc38d,False,2,same_author_near_duplicate,False,content_duplicate
3994776366435369208,"售兩張傳說對決演唱會門票，時間關係去不了…
要的可以私訊我",演唱會,corn_ym.1211,https://www.threads.com/@corn_ym.1211/post/DdwS_CmgYD4,2026-09-26T14:54:34Z,CAROUSEL_ALBUM,60,high,"[""演唱會""]","[""演唱會""]","[""threads_ssr""]",2026-09-26T16:40:47.664665614Z,2026-09-26T16:40:53.727194Z,2026-09-26T16:40:53.727194Z,1,dup_fa3325af7ee5ecd3,True,1,,True,
3994780220993557290,Kiri今日一啲都唔係迴避盈，估唔到大陸有好多fans支持，希望快啲係香港開演唱會啦,演唱會,gary_cwf,https://www.threads.com/@gary_cwf/post/DdwT3IcE9Mq,2026-09-26T15:02:13Z,CAROUSEL_ALBUM,60,high,"[""演唱會""]","[""演唱會""]","[""threads_ssr""]",2026-09-27T01:42:25.702079715Z,2026-09-26T20:06:31.356081Z,2026-09-27T01:42:31.910945Z,2,dup_6b5b478b68a0c780,True,1,,True,
3994788200975747276,到底在treasure演唱會一直寫kc飯撒牌是何意味,演唱會,wching_617,https://www.threads.com/@wching_617/post/DdwVrQYFMjM,2026-09-26T15:18:05Z,TEXT_POST,60,high,"[""演唱會""]","[""演唱會""]","[""threads_ssr""]",2026-09-27T01:42:25.702050702Z,2026-09-26T20:06:31.356081Z,2026-09-27T01:42:31.910945Z,3,dup_dfc8b9d846e38a9d,True,1,,True,
3994799127490390000,"LANY 第四次演唱會 🤍
工作人員不讓我入場，明明我已經拿到了手環，也出示了票券照片、購票紀錄和網站上的購買資訊，最後還是只能重新買一張票才能進場。😭",演唱會,storyjust_,https://www.threads.com/@storyjust_/post/DdwYKQfGufw,2026-09-26T15:39:47Z,CAROUSEL_ALBUM,60,high,"[""演唱會""]","[""演唱會""]","[""threads_ssr""]",2026-09-27T01:42:25.702120457Z,2026-09-26T20:06:31.356081Z,2026-09-27T01:42:31.910945Z,3,dup_b08ee171304a0211,True,1,,True,
3994799612862867063,"演唱會結束海底撈吃吃
*禁二傳",演唱會,ni_hi_o_0,https://www.threads.com/@ni_hi_o_0/post/DdwYRUhjyZ3,2026-09-26T15:40:45Z,CAROUSEL_ALBUM,60,high,"[""演唱會""]","[""演唱會""]","[""threads_ssr""]",2026-09-27T01:42:25.702039355Z,2026-09-26T16:40:53.727194Z,2026-09-27T01:42:31.910945Z,4,dup_8f1bc8877a988e1d,True,1,,True,
3994801545564815340,"回應酸隊友粉
我粒仔 9場亞博Arena Solo 演唱會
+6場世巡+咁多大型廣告
仲要今年唔出歌無駛過錢
唔好話未知係個人定公司project
退一萬步就算真係公司搞
佢都有資格囉😊",演唱會,kt_3.14159,https://www.threads.com/@kt_3.14159/post/DdwYtcfkn_s,2026-09-26T15:44:35Z,TEXT_POST,60,high,"[""演唱會""]","[""演唱會""]","[""threads_ssr""]",2026-09-27T01:42:25.702190903Z,2026-09-26T20:06:31.356081Z,2026-09-27T01:42:31.910945Z,3,dup_e565fbc1aa66057c,True,1,,True,
3994802031266096571,"謝謝鄭朝方市長邀請，今晚來到「城中城 · 歌中歌｜盛事傳奇三天王竹北演唱會」，和大家一起吹著晚風聽歌。

李聖傑 Sam Lee、#巫啟賢、趙傳三位天王輪番登場，前奏一響全是青春的回憶。現場氣氛非常熱烈，在朝方市長和大家的熱情帶動下，我也跟著清唱了一小段，能暫時放下緊湊的步調，在台下和大家並肩合唱，真的很過癮。

一座有活力的城市，本來就該有讓大家停下腳步、聚在一起感受美好的藝文生活。未來如果能為竹北服務，這樣高品質、能凝聚市民情感的音樂盛會一定會延續下去，我們也會引進更多不同形式的文化展演，讓竹北的夜晚持續充滿生命力。

#今晚只有音樂 #每一首我都會唱",演唱會,chiu_chenyuan,https://www.threads.com/@chiu_chenyuan/post/DdwY0g1n-W7,2026-09-26T15:45:33Z,CAROUSEL_ALBUM,60,high,"[""演唱會""]","[""演唱會""]","[""threads_ssr""]",2026-09-27T01:42:25.702242059Z,2026-09-26T16:40:53.727194Z,2026-09-27T01:42:31.910945Z,4,dup_3adc3abea2be5634,True,1,,True,
3994808237854102046,"出票 原價出 ✨
➡️2026/12/12 國立競技場 Kbs Music Bank門票 兩連
我只需要13號的票故出讓！
原價出 ¥41485（兩張門票）

因為我住日本🇯🇵
✅可幫忙升P
✅可幫忙代付
✅希望是有看過日本演唱會（了解母票的風險並願意承擔）
✅願意遵守開演時的規範
✅只跟成年人交易🤝
需要請私！",演唱會,yikin421,https://www.threads.com/@yikin421/post/DdwaO1LGRIe,2026-09-26T15:57:53Z,TEXT_POST,60,high,"[""演唱會""]","[""演唱會""]","[""threads_ssr""]",2026-09-26T20:06:25.289595111Z,2026-09-26T20:06:31.356081Z,2026-09-26T20:06:31.356081Z,1,dup_e8fcfda14c5ffbd1,False,1,,True,ticket_resale
3994808892962749009,涼介開唔成演唱會個樣仲內疚過素人道歉個樣🙂‍↕️,演唱會,snlichtmm,https://www.threads.com/@snlichtmm/post/DdwaYXSnbpR,2026-09-26T15:59:11Z,TEXT_POST,60,high,"[""演唱會""]","[""演唱會""]","[""threads_ssr""]",2026-09-26T23:06:30.59356132Z,2026-09-26T23:06:36.661901Z,2026-09-26T23:06:36.661901Z,1,dup_79a80b867506e083,True,1,,True,
3994811384999159934,"完蛋了這次🥛巡演好像很認真在本確……
剛剛滑到的幾個repo都說會本確
雖然說他們沒有發展海外的打算
但你們不要小看自己的魅力好嗎
我想看演唱會啊😭😭😭😭
用護照本確不是你好我好大家好嗎……
海外飯想看偶像真的好難🫠",演唱會,jinpei92,https://www.threads.com/@jinpei92/post/Ddwa8oLj6h-,2026-09-26T16:04:08Z,TEXT_POST,60,high,"[""演唱會""]","[""演唱會""]","[""threads_ssr""]",2026-09-26T20:06:25.289226984Z,2026-09-26T16:40:53.727194Z,2026-09-26T20:06:31.356081Z,2,dup_ee10f58884b6ad80,True,1,,True,
3994819876585937077,逼現生朋友一起看芒叉演唱會直播 我朋友問我隊友們是要剃多久  剃了五分鐘頭髮根本沒掉幾根 剃刀前面的蓋子要拿下來才能剃得乾淨 我笑到不行,演唱會,naranjitarei7,https://www.threads.com/@naranjitarei7/post/Ddwc4Mlkxi1,2026-09-26T16:21:01Z,TEXT_POST,60,high,"[""演唱會""]","[""演唱會""]","[""threads_ssr""]",2026-09-26T20:06:25.289420496Z,2026-09-26T20:06:31.356081Z,2026-09-26T20:06:31.356081Z,1,dup_d6a9edda2f3006f7,True,1,,True,
3994822166709851387,"田馥甄Hebe發新專了！來講一下他的好姐妹Ella陳嘉樺，Ella在中國辦巡演，最多的是唱SHE的歌，還有一大部份翻唱別的歌手的歌,像是後來、陰天，唱自己的歌反而佔比不多！

我非常喜歡2015的他第一張專輯Why not
2024出了第二張Bad habits 只覺得遭透

他在演唱會自己歌的部分幾乎都唱二專不怎麼樣的歌，一專前的好歌幾乎都沒唱
像差一點、想念自己、賴床、30啊、真的我、無解、信愛成癮
我就不懂歌又不多 SHE唱就算了 還翻唱別人的就不想唱自己的歌？是多不愛自己的歌還是什麼獨特策略？

6專最喜歡的歌是乾淨的房間",演唱會,abovlle51689,https://www.threads.com/@abovlle51689/post/DdwdZhbmNT7,2026-09-26T16:25:34Z,TEXT_POST,60,high,"[""演唱會""]","[""演唱會""]","[""threads_ssr""]",2026-09-26T20:06:25.289549937Z,2026-09-26T20:06:31.356081Z,2026-09-26T20:06:31.356081Z,1,dup_12e07847e29c71c3,True,1,,True,
3994822860900293749,"韓國人看演唱會是都不喊應援嗎⋯？
這次旁邊坐兩個韓國女生完全不喊 有點尷尬",演唱會,kanim1527,https://www.threads.com/@kanim1527/post/Ddwdjn8klx1,2026-09-26T16:26:56Z,TEXT_POST,60,high,"[""演唱會""]","[""演唱會""]","[""threads_ssr""]",2026-09-26T16:40:47.664782882Z,2026-09-26T16:40:53.727194Z,2026-09-26T16:40:53.727194Z,1,dup_ecd69eb313e69c8e,True,1,,True,
3994835061165330921,"今晚傳奇三天王竹北演唱會登場。

當大家開心享受演出時，
愛婷和團隊跟著
@new.change13 朝方市長，一一向現場的朋友問好。

有個瞬間，我剛好蹲在朝方身後，
抬頭看著他的背影，心裡突然覺得——
朝方市長真的辛苦了。

跟著朝方一路打拼，看著他親力親為每一場活動，只希望把最好的一面呈現給大家。

決定參選縣長後，朝方最放心不下的，也是竹北這些年一點一滴累積的建設與文化。

因為建設可以完成，
但一座城市的文化與幸福感，需要時間慢慢累積。

未來如果朝方獲得鄉親授權，
期待這份經驗能走向13鄉鎮市，
讓每個地方都能依照自己的特色持續進步。

讓竹北累積的幸福，有機會在整個竹縣延續。❤️

#一步一腳印
#唯一支持鄭朝方
#竹北蘇愛婷
#相愛相婷",演唱會,winnie.su.9655,https://www.threads.com/@winnie.su.9655/post/DdwgVKVCRHp,2026-09-26T16:51:11Z,CAROUSEL_ALBUM,60,high,"[""演唱會""]","[""演唱會""]","[""threads_ssr""]",2026-09-26T20:06:25.289528848Z,2026-09-26T20:06:31.356081Z,2026-09-26T20:06:31.356081Z,1,dup_17291f1859b5a5e7,True,1,,True,
3994836325043975150,"你換位思考一下 
你花了幾萬塊 特別飛到日本看你最愛的偶像

本來這個類型的演唱會都可以拍照、錄影、還有結束之後大家最喜歡的飯撒巡場環節

結果你到了才知道 因為有一個壓軸嘉賓 所以剛剛上述行為全部被禁止，然後那個壓軸嘉賓你聽都沒聽過（不要跟說什麼Ado怎麼可能不認識之類的 不同圈子本來就有不同的喜好）

然後那個壓軸嘉賓還是唱櫻桃小丸子的主題曲

我就問這樣你會不會生氣？",演唱會,lt_zone,https://www.threads.com/@lt_zone/post/DdwgnjaErPu,2026-09-26T16:53:41Z,TEXT_POST,60,high,"[""演唱會""]","[""演唱會""]","[""threads_ssr""]",2026-09-27T04:53:04.335000925Z,2026-09-27T04:53:10.400141Z,2026-09-27T04:53:10.400141Z,1,dup_ae5713d13694efc0,True,1,,True,
3994839837506250656,"因為我們右邊區域搖滾區超空
在整理影片的時候有發現泰民看了幾次超空的搖滾區
有訝異一下就轉頭往左邊
後來也比較少來右邊
不知道這麼空曠的人數會不會讓他有點傷心😭🥲

好想跟他說都是因為主辦很爛
這次的陣容明明超頂…
希望不會影響到他來台灣辦專場演唱會的意願🥺",演唱會,shineee_6v6,https://www.threads.com/@shineee_6v6/post/DdwhaqpI6eg,2026-09-26T17:00:40Z,TEXT_POST,60,high,"[""演唱會""]","[""演唱會""]","[""threads_ssr""]",2026-09-27T04:53:04.335215147Z,2026-09-26T20:06:31.356081Z,2026-09-27T04:53:10.400141Z,4,dup_94eddf908713970d,True,1,,True,
3994843667399620801,"演唱會戰袍get
這次聯名T似乎普遍評價不太好？
剛出時看threads上都在罵
說是隨便貼個圖上去之類的
價錢確實也從兩個月前的$490
降到現在$290
難不成到演唱會前會變成$90？
到時大家再來瘋狂逢低攤平🫪
（誰來幫我@ Uniqlo 看看他有什麼說法😂）
今天去現場看貨蠻充足的
本來想說現在誰有票大概都確定了 該趕快去搶以免之後買不到 但好像多慮了（？
我是覺得這件還行吧
也才$290
買了不會後悔⋯吧⋯",演唱會,dudadla,https://www.threads.com/@dudadla/post/DdwiSZgkrjB,2026-09-26T17:08:17Z,CAROUSEL_ALBUM,60,high,"[""演唱會""]","[""演唱會""]","[""threads_ssr""]",2026-09-26T20:06:25.28946056Z,2026-09-26T20:06:31.356081Z,2026-09-26T20:06:31.356081Z,1,dup_b64eac0e5a3b2452,False,1,,True,ticket_resale
3994845642858155259,"究竟那些讓票 音樂銀行的人
Pia帳號的日本門號到底哪來
（可以偷偷跟我說嗎😣
我真的需要自己養門號嗎🥹🥹🥹🥹
我真的有這麼愛看演唱會嗎？",演唱會,13slifediary,https://www.threads.com/@13slifediary/post/DdwivJTE8z7,2026-09-26T17:12:12Z,TEXT_POST,60,high,"[""演唱會""]","[""演唱會""]","[""threads_ssr""]",2026-09-26T23:06:30.593213439Z,2026-09-26T23:06:36.661901Z,2026-09-26T23:06:36.661901Z,1,dup_42744700cfb52522,True,1,,True,
3994857017927991923,今天一切都很好 除了Paul一直叫大家站起來 但工作人員瘋狂舉牌叫大家坐下蠻破壞情緒 台灣的演唱會風氣什麼時候可以再進步一些🥲（只能說那時候去TICC看Gracie大家站整場完全是很難得的事） 但撇除這個還是一個很棒的一天 依舊又被LANY補足了這個月失去的電量 還有很多想聽沒聽到的 但保有一些遺憾就會更期待下次吧！,演唱會,chou_aiii___,https://www.threads.com/@chou_aiii___/post/DdwlUrKEwJz,2026-09-26T17:34:48Z,TEXT_POST,60,high,"[""演唱會""]","[""演唱會""]","[""threads_ssr""]",2026-09-26T23:06:30.593462395Z,2026-09-26T20:06:31.356081Z,2026-09-26T23:06:36.661901Z,2,dup_c52191e433ec8aa6,True,1,,True,
3994868811740168949,"希望我下次喊李聖傑的時候是在你的演唱會上
謝謝你給我們一個美好的夜晚🩶
@sam.station",演唱會,li1ynn,https://www.threads.com/@li1ynn/post/DdwoATAD0L1,2026-09-26T18:00:02Z,VIDEO,60,high,"[""演唱會""]","[""演唱會""]","[""threads_ssr""]",2026-09-27T01:42:25.702271143Z,2026-09-26T20:06:31.356081Z,2026-09-27T01:42:31.910945Z,3,dup_e10e733f5e424e86,True,1,,True,
3994895873875232014,"聽說脆上找人很厲害
今天去看蕭景鴻阿弟演唱會
除了阿弟很帥唱歌很好聽之外
連穿無袖的那位吉他手老師也好帥😍
阿弟在介紹的時候 後面聽不太清楚他叫什麼名字
在此尋找吉他手老師本人有沒有哀居😆",演唱會,jun._.0206,https://www.threads.com/@jun._.0206/post/DdwuKGlAcUO,2026-09-26T18:52:00Z,TEXT_POST,60,high,"[""演唱會""]","[""演唱會""]","[""threads_ssr""]",2026-09-26T23:06:30.593290864Z,2026-09-26T23:06:36.661901Z,2026-09-26T23:06:36.661901Z,1,dup_6d46fa79869ec675,True,1,,True,
3994901519703151066,想找今天LANY演唱會坐2C第二排大概是12.13號然後整場都很投入的男生 我是坐在你後面的人！在後面一直看到你的解鎖畫面(應該是Paul吧)覺得很好看 剛剛自己去Pinterest翻了很久  都沒找到類似的 想問你能不能分享你的好看桌布🥹,演唱會,qtyggi,https://www.threads.com/@qtyggi/post/DdwvcQqkxHa,2026-09-26T19:03:13Z,TEXT_POST,60,high,"[""演唱會""]","[""演唱會""]","[""threads_ssr""]",2026-09-27T04:53:04.33517023Z,2026-09-26T20:06:31.356081Z,2026-09-27T04:53:10.400141Z,3,dup_2f442a49a4a494e7,True,1,,True,
3994916279575213815,"徵以下lany演唱會影片 
我自己都有錄但位子太遠都是糊的😣
1. why
2. 開頭pjk說感謝大家在各自忙碌生活中過來之類的致詞
3. hericane
4. let me know
5. ILYSB（後半段主舞台）
6. pink skies
7. malibu nights（主舞台）
8. 最後致謝
非常感謝大家😭😭",演唱會,froomy1813,https://www.threads.com/@froomy1813/post/DdwyzC3gXb3,2026-09-26T19:32:33Z,TEXT_POST,60,high,"[""演唱會""]","[""演唱會""]","[""threads_ssr""]",2026-09-26T23:06:30.593352719Z,2026-09-26T20:06:31.356081Z,2026-09-26T23:06:36.661901Z,2,dup_ac54cf386815c872,True,1,,True,
3994923047882817739,"蒼井翔太香港演唱會レポ(凌晨三點瞓唔着寫嘅產物）

首先多謝蒼井翔太、staff、同應援企畫嘅各位🙏🏻

蒼井翔太真係天使嚟
我今次企第6行 都還好 雖然前面有位Cosplay美風藍好高嘅姐姐 但翔太企中間嘅時候 其本上都望得好清👍🏻 但就係只望到上半身
歌就全部都係我好有回憶嘅歌 秘密のクチヅケ我入坑歌，eclipse 第一次自己親手喺日本買嘅cd
bad end tone等 都係我好鍾意嘅歌😭 g paradise lollipop 雖然知一定會唱 但現場睇 真係好正好感動。

mc超可愛 佢話佢去返2015年去過嘅地方（搭船睇鐘樓） 影返一樣嘅風景同以前嘅經理人報告。又講佢食咗豆腐花加咗好多糖。仲有兩隻新公仔，一個月餅一個菠蘿包。同Staff分咗月餅食+食咗菠蘿包。然後喺度講菠蘿包同日本嘅蜜瓜包係朋友。但係香港嘅菠蘿包戰勝咗蜜瓜包，因為我哋會放牛油佢好鍾意食w 仲有講佢合格咗好多聲優嘅工作 例如こち亀 叫我哋繼續支持聲優同埋artist嘅佢🙏🏻 

真係好感動，最後歡送會 雖然冇講到好多嘢，但係show咗俾佢知我有佢2015嚟嘅雜誌😂",演唱會,ra_mio0411,https://www.threads.com/@ra_mio0411/post/Ddw0ViWE4DL,2026-09-26T19:46:00Z,TEXT_POST,60,high,"[""演唱會""]","[""演唱會""]","[""threads_ssr""]",2026-09-26T23:06:30.593534219Z,2026-09-26T23:06:36.661901Z,2026-09-26T23:06:36.661901Z,1,dup_fa8ddaae38a58897,True,1,,True,
3994939047978079709,"24跨25年，刷到bkpp的跨年舞台
瞬間被pp吸引住
（在此之前只是知道bkpp，沒有深入了解過）
然後瘋狂考古（包括r、j、留學女、台灣男）
當時也是適逢bkpp大元年（因此毫無保留相信上面的都只是朋友、同學）
電影 pp個人演唱會 婚禮演唱會
然後覺得pp好美好颯好吸引
BK好幸福有pp陪著走過這一路，替pp感到幸福 很喜歡bkpp之間的羈絆
可是！！！從婚禮演唱會後，兩人之間的關係逐漸微妙
bk畢業pp缺席、沙漠之旅、OPPO黑臉、跨年演唱會、情人節採訪等等等等...
真正生氣和無法理解的是第二次解釋“吃醋”“沒有身份”採訪
在這之後pp那個採訪，讓人心疼不已
（從這裡開始，雖然還抱有希望 但還是不希望bkpp之間出現了問題）
（畢竟十年的時間和感情是真真切切他們一步一步走過來的）
可是！！沒隔多久爆出來的酒吧、街頭摟r事件
瞬間因為愛pp而對bk的所有濾鏡全部打碎
雖然知道他們無所謂外界對他們的看法
可是真的寧願是大大方方發文
（我們從親密的朋友，退回普通的朋友不再以CP形式出現。未來有合適的project，會繼續合作 目前大家可以將目光放到個人身上。）",演唱會,flower2dee,https://www.threads.com/@flower2dee/post/Ddw3-XmEhXd,2026-09-26T20:17:47Z,IMAGE,60,high,"[""演唱會""]","[""演唱會""]","[""threads_ssr""]",2026-09-27T01:42:25.702171533Z,2026-09-27T01:42:31.910945Z,2026-09-27T01:42:31.910945Z,1,dup_f311def9b93c4b5f,True,1,,True,
3994976292466546639,"金智秀居然在BIGBANG倫敦演唱會跟哥哥們碰面了啊啊啊啊！！！🥹😍
我感覺真的超級久沒有看到智秀跟BB的任何人同框？（應該說整個公司的人應該都超級久沒有同框）
能看到YG fam還有在聯繫感情真的是太好了⋯",演唱會,chienxxs,https://www.threads.com/@chienxxs/post/DdxAcWOk1fP,2026-09-26T21:31:47Z,IMAGE,60,high,"[""演唱會""]","[""演唱會""]","[""threads_ssr""]",2026-09-27T04:53:04.335159183Z,2026-09-27T01:42:31.910945Z,2026-09-27T04:53:10.400141Z,2,dup_ef9dd11a957c2ccf,True,1,,True,
3995067852789863277,"Back number 演唱會飛 臨時吾得閒去 
序號6x 握手位 pm帶價",演唱會,rickywong9190,https://www.threads.com/@rickywong9190/post/DdxVQubH1Nt,2026-09-27T00:33:42Z,TEXT_POST,60,high,"[""演唱會""]","[""演唱會""]","[""threads_ssr""]",2026-09-27T04:53:04.334945462Z,2026-09-27T01:42:31.910945Z,2026-09-27T04:53:10.400141Z,2,dup_09acd7cbf1a3b532,False,1,,True,ticket_resale
3995083913508907148,"有沒有人今天會去看迪士尼金曲演唱會的🥹
想收一本節目冊 可以加代購費😭😭

9/26下午場量完全不夠 一大堆人沒有買到
我從一樓跑到三樓都沒有。
朋友晚上場也沒有買到 拜託脆上的大家ㄌ⋯",演唱會,j_.08__,https://www.threads.com/@j_.08__/post/DdxY6cIk2iM,2026-09-27T01:05:36Z,TEXT_POST,60,high,"[""演唱會""]","[""演唱會""]","[""threads_ssr""]",2026-09-27T04:53:04.335107956Z,2026-09-27T01:42:31.910945Z,2026-09-27T04:53:10.400141Z,2,dup_a14fd4a14aa51fd8,True,1,,True,
3995096683235218990,"有冇人覺得琴晚差咁啲野 唔係條list唔好 
係個人唔夠投入 假如可以係同另一半睇 再係演唱會途中比人飛就完美🙃",演唱會,oldtung_1995,https://www.threads.com/@oldtung_1995/post/Ddxb0Q3k5Yu,2026-09-27T01:30:59Z,TEXT_POST,60,high,"[""演唱會""]","[""演唱會""]","[""threads_ssr""]",2026-09-27T04:53:04.335122007Z,2026-09-27T04:53:10.400141Z,2026-09-27T04:53:10.400141Z,1,dup_b81f9cb6417d9de6,True,1,,True,
3995119876091882070,"有沒有人會去看2026花蓮月見原聲演唱會的
有TEEN TOP主唱NIEl壓軸的同好嗎？
我知道這團的主唱
我很喜歡一首歌是一定要聽的
no more perfume on you 經典歌曲
希望能在現場聽到這首歌🥹🥹🥹🥹🥹",演唱會,arie_s0415,https://www.threads.com/@arie_s0415/post/DdxhFw5jypW,2026-09-27T02:17:03Z,TEXT_POST,60,high,"[""演唱會""]","[""演唱會""]","[""threads_ssr""]",2026-09-27T08:31:09.592009584Z,2026-09-27T08:31:15.643548Z,2026-09-27T08:31:15.643548Z,1,dup_9cf78dbc18bae6d3,True,1,,True,
3995134174734398304,"為什麼寶石盒每次演唱會結束都有人在訓粉啊 
我花錢了還要被你陰陽怪氣喔",演唱會,rolrxn,https://www.threads.com/@rolrxn/post/DdxkV1jETNg,2026-09-27T02:45:28Z,TEXT_POST,60,high,"[""演唱會""]","[""演唱會""]","[""threads_ssr""]",2026-09-27T04:53:04.335126344Z,2026-09-27T04:53:10.400141Z,2026-09-27T04:53:10.400141Z,1,dup_27046f55f9dbfd12,True,1,,True,
3995147705559612518,"原價出 may’n演唱會門票
2張可拆  3200
原價讓，還有人要票嗎
黃牛 詐騙別來🙅🏻",演唱會,yayawen87,https://www.threads.com/@yayawen87/post/DdxnavHGPxm,2026-09-27T03:12:21Z,IMAGE,60,high,"[""演唱會""]","[""演唱會""]","[""threads_ssr""]",2026-09-27T08:31:09.592022265Z,2026-09-27T04:53:10.400141Z,2026-09-27T08:31:15.643548Z,2,dup_7b28333ec61ae45d,False,1,,True,ticket_resale
3995153745457702112,"fromis_9演唱會也太詭異了吧
搶到票的佔超少數甚至約等於沒有 
講讓票全部都是傻逼0粉0追詐騙
你說如果說被黃牛搶走就算了
可是看了一圈0個黃牛出來發文賣前排票
那票到底去哪了??????我真的大問號",演唱會,hongsheng_1102,https://www.threads.com/@hongsheng_1102/post/DdxoyoNE-Tg,2026-09-27T03:24:21Z,TEXT_POST,60,high,"[""演唱會""]","[""演唱會""]","[""threads_ssr""]",2026-09-27T10:26:48.871797153Z,2026-09-27T04:53:10.400141Z,2026-09-27T10:26:54.933863Z,3,dup_8ca0cbeba1abf4a9,False,1,,True,ticket_resale
3995163275486779546,"釋出 fromis_9 台北演唱會門票，想找真粉接手🙋
10/19 15:30｜台大綜合體育館
A2區 10排18號，單價5800
希望把前排票交給真心喜歡fromis_9的FLOVER，有意私！",演唱會,yy3223745,https://www.threads.com/@yy3223745/post/Ddxq9TvE1ia,2026-09-27T03:43:17Z,IMAGE,60,high,"[""演唱會""]","[""演唱會""]","[""threads_ssr""]",2026-09-27T04:53:04.335055477Z,2026-09-27T04:53:10.400141Z,2026-09-27T04:53:10.400141Z,1,dup_d4fe565f0d2f8fe1,False,1,,True,ticket_resale
3995166043558980545,"出兩張BABYMONSTER香港演唱會飛
兩張一起原價出 一張一樣可以放
HKD$2299×2  HKD$1699x2
同好姐妹一起搶多了兩張  有冇寶怪真愛粉
個人出飛可以原價 詐騙走開￼",演唱會,uis5206,https://www.threads.com/@uis5206/post/DdxrlltCSvB,2026-09-27T03:48:47Z,IMAGE,60,high,"[""演唱會""]","[""演唱會""]","[""threads_ssr""]",2026-09-27T04:53:04.335085032Z,2026-09-27T04:53:10.400141Z,2026-09-27T04:53:10.400141Z,1,dup_10647079669cd2f0,False,1,,True,ticket_resale
3995166393146436633,"大家好！我是住在日本的ONEDOOR🇯🇵♡
1/8會去看BOYNEXTDOOR的台灣演唱會！
這是我第一次去台灣，好期待ㅠㅠ 
想認識台灣的K-POP粉絲，也想交台灣的ONEDOOR朋友😭😭
如果可以的話，歡迎來跟我聊天！
因為是用翻譯軟體寫的，如果有寫錯的地方還請見諒🥹",演唱會,cgrwhs,https://www.threads.com/@cgrwhs/post/DdxrqrSEmwZ,2026-09-27T03:49:29Z,TEXT_POST,60,high,"[""演唱會""]","[""演唱會""]","[""threads_ssr""]",2026-09-27T04:53:04.335147546Z,2026-09-27T04:53:10.400141Z,2026-09-27T04:53:10.400141Z,1,dup_7fa5f28ac36aa615,True,1,,True,
3995168835733838274,"原價讓一張xg演唱會 當天要考英檢 沒招了🥀🥀
800 黃3D 但要+200會員費
總價800+200=1000
啊票已經取出來了 到時候直接寄",演唱會,_adobe.seven,https://www.threads.com/@_adobe.seven/post/DdxsOOHoFnC,2026-09-27T03:54:20Z,TEXT_POST,60,high,"[""演唱會""]","[""演唱會""]","[""threads_ssr""]",2026-09-27T10:18:56.887340377Z,2026-09-27T04:53:10.400141Z,2026-09-27T10:19:02.940021Z,3,dup_b4180bb84f862f75,False,1,,True,ticket_resale
3995168977298502184,"放飛MAMAMOO 4WARD香港演唱會🇭🇰
日期：10月4號｜HK$2099 VIP
一共4張連座，臨時有事去唔到
VIP有soundcheck、掛牌同歡送福利
可拆單張 有興趣直接PM我🙏🙏🙏",演唱會,bear.16100281,https://www.threads.com/@bear.16100281/post/DdxsQR9ibIo,2026-09-27T03:54:37Z,TEXT_POST,60,high,"[""演唱會""]","[""演唱會""]","[""threads_ssr""]",2026-09-27T04:53:04.33525676Z,2026-09-27T04:53:10.400141Z,2026-09-27T04:53:10.400141Z,1,dup_02bde53ccaf155af,False,1,,True,ticket_resale
3995171874866307771,"原價讓
82MAJOR演唱會門票🎫
4280*2
3680*2
面交再付款
不需要訂金不需要匯款",演唱會,drty1303,https://www.threads.com/@drty1303/post/Ddxs6ciCaK7,2026-09-27T04:00:22Z,CAROUSEL_ALBUM,60,high,"[""演唱會""]","[""演唱會""]","[""threads_ssr""]",2026-09-27T08:31:09.592037442Z,2026-09-27T04:53:10.400141Z,2026-09-27T08:31:15.643548Z,2,dup_5fd2056bcb26f672,False,1,,True,ticket_resale
3995172039317200953,"原價讓
82MAJOR演唱會門票🎫
4280*2
3680*2
面交再付款
不需要訂金不需要匯款",演唱會,eyumi795,https://www.threads.com/@eyumi795/post/Ddxs81sEyA5,2026-09-27T04:00:42Z,CAROUSEL_ALBUM,60,high,"[""演唱會""]","[""演唱會""]","[""threads_ssr""]",2026-09-27T04:53:04.335068196Z,2026-09-27T04:53:10.400141Z,2026-09-27T04:53:10.400141Z,1,dup_3c0c6285c415cc3d,False,2,same_author_exact,True,ticket_resale
3995173518858003158,"在Threads看到很多人分享昨天演唱會的情況，很多人都是直接帶龍哥的雛菊燈進場，也有很多人帶兩支，一支雛菊燈、一支皇冠燈。基本上沒有人投訴，也沒有人說甚麼。

昨天我在 X 上還看到有人問：自己有一支雛菊應援棒、一支四代棒，還有一支20周年棒，到底應不應該三支全部帶去？
結果下面的回覆全部都在笑著叫他：三支都帶！兩隻手各拿一支，剩下一支用嘴咬著。
完全沒有人批鬥和情勒。",演唱會,sakunobiiig.819818,https://www.threads.com/@sakunobiiig.819818/post/DdxtSXnlCLW,2026-09-27T04:03:38Z,TEXT_POST,60,high,"[""演唱會""]","[""演唱會""]","[""threads_ssr""]",2026-09-27T10:18:56.887490633Z,2026-09-27T10:19:02.940021Z,2026-09-27T10:19:02.940021Z,1,dup_fbeb4978b7ede3fb,True,1,,True,
3995174493178354427,"原價出82major演唱會門票
2張可拆  4280
原價讓，還有人要票嗎
黃牛 詐騙別來🙅🏻￼",演唱會,yayawen87,https://www.threads.com/@yayawen87/post/DdxtgjBmNr7,2026-09-27T04:05:34Z,CAROUSEL_ALBUM,60,high,"[""演唱會""]","[""演唱會""]","[""threads_ssr""]",2026-09-27T04:53:04.335020605Z,2026-09-27T04:53:10.400141Z,2026-09-27T04:53:10.400141Z,1,dup_5ea20bbf67ed0437,False,1,,True,ticket_resale
3995175696154072793,"原價出82major演唱會門票
2張可拆  4280
原價讓，還有人要票嗎",演唱會,jiayi40362,https://www.threads.com/@jiayi40362/post/DdxtyDYiZbZ,2026-09-27T04:07:58Z,IMAGE,60,high,"[""演唱會""]","[""演唱會""]","[""threads_ssr""]",2026-09-27T10:26:48.871814886Z,2026-09-27T04:53:10.400141Z,2026-09-27T10:26:54.933863Z,4,dup_f58397c5ed2ab62e,False,1,,True,ticket_resale
3995176782084514991,"#讓票#售票 82Major演唱會門票
第一次幫朋友搶到熱門的門票😭
結果她自己也有搶到了🥹
多兩張 A ZONE原價讓 4280*2 可拆
只限粉絲～",演唱會,goose.82913637,https://www.threads.com/@goose.82913637/post/DdxuB2vCSSv,2026-09-27T04:10:07Z,IMAGE,60,high,"[""演唱會""]","[""演唱會""]","[""threads_ssr""]",2026-09-27T10:26:48.871808554Z,2026-09-27T04:53:10.400141Z,2026-09-27T10:26:54.933863Z,4,dup_1ed2d3dee019e89f,False,2,same_author_exact,True,ticket_resale
3995177075602459259,"請問有冇人原價放Back number演唱會飛？ 
(面交only)
謝謝",演唱會,ch1n621,https://www.threads.com/@ch1n621/post/DdxuGIGEYp7,2026-09-27T04:10:42Z,TEXT_POST,60,high,"[""演唱會""]","[""演唱會""]","[""threads_ssr""]",2026-09-27T10:18:56.88749509Z,2026-09-27T10:19:02.940021Z,2026-09-27T10:19:02.940021Z,1,dup_d43589ef70d5dd1b,False,1,,True,ticket_resale
3995180987662807491,我受夠這個我沒有告五人演唱會門票的世界,演唱會,3mo._.24,https://www.threads.com/@3mo._.24/post/Ddxu_DfCTHD,2026-09-27T04:18:28Z,TEXT_POST,60,high,"[""演唱會""]","[""演唱會""]","[""threads_ssr""]",2026-09-27T10:26:48.871895146Z,2026-09-27T10:19:02.940021Z,2026-09-27T10:26:54.933863Z,2,dup_3ed22932adb0fca3,True,1,,True,
3995181563078853759,"售 媽媽木🎫
MAMAMOO演唱會門票🎫
6980*2
5980*2
3980*2
3280*1
原價 原價 原價
可面交再付款
可單收
還有需要的嗎❓",演唱會,zijhhu5,https://www.threads.com/@zijhhu5/post/DdxvHbYgUR_,2026-09-27T04:19:37Z,IMAGE,60,high,"[""演唱會""]","[""演唱會""]","[""threads_ssr""]",2026-09-27T10:26:48.871972241Z,2026-09-27T10:19:02.940021Z,2026-09-27T10:26:54.933863Z,2,dup_1d6e833bfa0ef815,False,1,,True,ticket_resale
3995182213516736152,"原價出告五人演唱會門票
2張可拆  1550
原價讓，還有人要票嗎
黃牛 詐騙別來🙅🏻",演唱會,platypus.2922872,https://www.threads.com/@platypus.2922872/post/DdxvQ5Jn7aY,2026-09-27T04:20:55Z,IMAGE,60,high,"[""演唱會""]","[""演唱會""]","[""threads_ssr""]",2026-09-27T04:53:04.335101667Z,2026-09-27T04:53:10.400141Z,2026-09-27T04:53:10.400141Z,1,dup_5230d1aa703615a7,False,1,,True,ticket_resale
3995184023173412528,"我有一個喜歡的女生 也很努力追求中
她也知道我喜歡她  我也知道她有其他人追
昨天看到她去看演唱會 卻發現她是跟別的男生去
所以我試探性的問了她 妳是自己一個人去看演唱會嗎？
她回答 對呀 他自己一個人 
但我也沒有戳破她 只是我不懂為什麼要騙我？ 
她在想什麼呢？ 是在享受多人對她的好嗎？",演唱會,ruru18146,https://www.threads.com/@ruru18146/post/DdxvrOhkTaw,2026-09-27T04:24:30Z,TEXT_POST,60,high,"[""演唱會""]","[""演唱會""]","[""threads_ssr""]",2026-09-27T15:18:41.201165332Z,2026-09-27T15:18:47.250212Z,2026-09-27T15:18:47.250212Z,1,dup_8047f463d47cdf83,True,1,,True,
3995185515305648923,"放兩張MAMAMOO媽媽木香港🇭🇰演唱會飛
時間：2026 /10/04
演唱出地點：啟德體育館
價位：$ 2099×2 
可單放 唔想放俾黃牛 
有冇粉絲需要飛嘅 黃牛勿擾 有意PM🙏￼",演唱會,turtle.8680549,https://www.threads.com/@turtle.8680549/post/DdxwA8LlEMb,2026-09-27T04:27:28Z,TEXT_POST,60,high,"[""演唱會""]","[""演唱會""]","[""threads_ssr""]",2026-09-27T10:26:48.871911146Z,2026-09-27T04:53:10.400141Z,2026-09-27T10:26:54.933863Z,3,dup_19b45ae7a89ac694,False,2,same_author_exact,True,ticket_resale
3995187582594138132,我去買コレサワ的演唱會票結果第一家全家機器有問題 沒搶到vip😭😭😭😭😭😭,演唱會,axzziie,https://www.threads.com/@axzziie/post/DdxwfBfk0AU,2026-09-27T04:31:35Z,TEXT_POST,60,high,"[""演唱會""]","[""演唱會""]","[""threads_ssr""]",2026-09-27T04:53:04.335133835Z,2026-09-27T04:53:10.400141Z,2026-09-27T04:53:10.400141Z,1,dup_01c2f69e7aac69f3,True,1,,True,
3995191343651645233,"原價讓
告五人演唱會門票🎫
3850*2
3250*2
2950*2
2450*2
 1950*2
1550 *24
800*4
需要匯款",演唱會,rhino.7305677,https://www.threads.com/@rhino.7305677/post/DdxxVwQEmcx,2026-09-27T04:39:03Z,IMAGE,60,high,"[""演唱會""]","[""演唱會""]","[""threads_ssr""]",2026-09-27T10:26:48.871943908Z,2026-09-27T10:19:02.940021Z,2026-09-27T10:26:54.933863Z,2,dup_044e71ad9366e2cf,False,1,,True,ticket_resale
3995204631735623984,"售ive 手燈
演唱會使用過一次而已
$850
實體專輯店購入 保證正版",演唱會,oscarmacdonaldxwyx35806,https://www.threads.com/@oscarmacdonaldxwyx35806/post/Ddx0XHvmOEw,2026-09-27T05:05:27Z,IMAGE,60,high,"[""演唱會""]","[""演唱會""]","[""threads_ssr""]",2026-09-27T10:26:48.871866823Z,2026-09-27T08:31:15.643548Z,2026-09-27T10:26:54.933863Z,3,dup_21c51eecbae39c78,False,1,,True,ticket_resale
3995206458077802105,"原價讓
告五人演唱會門票🎫
3850*2
3250*2
2950*2
2450*2
 1950*2
1550 *2
800*2
不需要訂金 不需要匯款
面交再付款￼",演唱會,deyumi816,https://www.threads.com/@deyumi816/post/Ddx0xsqEu55,2026-09-27T05:09:05Z,CAROUSEL_ALBUM,60,high,"[""演唱會""]","[""演唱會""]","[""threads_ssr""]",2026-09-27T10:26:48.871845323Z,2026-09-27T08:31:15.643548Z,2026-09-27T10:26:54.933863Z,3,dup_c35ada628f5ce2ed,False,2,same_author_exact,True,ticket_resale
3995208306398320219,"放 babymonster 香港演唱會
VIP2299二連🙏4400HKD打包帶走
 有購票紀錄，可以比你睇 
同friend 同一時間撞到入條隊到，一齊比左錢😭
可以拆單丁，亦可二張一齊收
如果有意可提供購票記錄！有意請Pm！
一定唔呃錢，否則天打雷劈",演唱會,hawk.500763,https://www.threads.com/@hawk.500763/post/Ddx1MmCj9Zb,2026-09-27T05:12:45Z,IMAGE,60,high,"[""演唱會""]","[""演唱會""]","[""threads_ssr""]",2026-09-27T10:26:48.871951061Z,2026-09-27T08:31:15.643548Z,2026-09-27T10:26:54.933863Z,3,dup_955ba918a8497d9e,False,2,same_author_exact,True,ticket_resale
3995215528687964769,"放ENHYPEN香港站 16/10原1999$二連座兩張🙏 可出单張分開 🙇🏻‍♂️🙇🏻‍♂️
原價放！！ 
非黃牛（最憎就係啲牛hold L晒啲飛）  家裡fans好傾

陪friend入場 但佢放我飛機 搶到又話唔睇😭😭😭😭
保證係真 假的話我之後都搶唔到演唱會飛
有興趣dm我 🙇🏻‍♂️🙇🏻‍♂️",演唱會,ceng.wennan,https://www.threads.com/@ceng.wennan/post/Ddx21sUkhJh,2026-09-27T05:27:06Z,TEXT_POST,60,high,"[""演唱會""]","[""演唱會""]","[""threads_ssr""]",2026-09-27T10:26:48.87189158Z,2026-09-27T08:31:15.643548Z,2026-09-27T10:26:54.933863Z,3,dup_0f1131ded67d2ddd,True,1,,True,
3995216239647110347,"急問！！
現在在高雄剛看寶石盒演唱會
想順便一起踩點Cravity同款
想問看看有沒有Luvity知道姜珉熙喝ㄉ到底是哪間亞舍紅茶冰啊啊啊啊(ꈨຶ˙̫̮ꈨຶ)拜託告訴我嗚
（六合夜市附近太多間了真的很需要知道是哪間😭）",演唱會,heyitscu,https://www.threads.com/@heyitscu/post/Ddx3ACdCbTL,2026-09-27T05:28:31Z,TEXT_POST,60,high,"[""演唱會""]","[""演唱會""]","[""threads_ssr""]",2026-09-27T10:26:48.871882152Z,2026-09-27T08:31:15.643548Z,2026-09-27T10:26:54.933863Z,2,dup_773071870a2c8a4c,True,1,,True,
3995218950636508614,有人有多的Henry moodie 高雄演唱會門票嗎？,演唱會,xyz_candace,https://www.threads.com/@xyz_candace/post/Ddx3nfQmRXG,2026-09-27T05:33:54Z,TEXT_POST,60,high,"[""演唱會""]","[""演唱會""]","[""threads_ssr""]",2026-09-27T08:31:09.592001876Z,2026-09-27T08:31:15.643548Z,2026-09-27T08:31:15.643548Z,1,dup_eb685519bd9f0689,True,1,,True,
3995220549075827341,"看完演唱會後很～想湊一整組！
問問有沒有人可以換～
我有：
山彰*1
壱馬*1
翔吾*1
昂秀*1

想要：
拓磨*1
Likiya*1
北人*1
樹*1
Rui *1

只換不售
但可以收，所以如果有的可以直接留言告訴我，拜託大家了
歡迎留言～愛大家（感恩的心🥰",演唱會,yuchiyen0606,https://www.threads.com/@yuchiyen0606/post/Ddx3-v7AXqN,2026-09-27T05:37:04Z,IMAGE,60,high,"[""演唱會""]","[""演唱會""]","[""threads_ssr""]",2026-09-27T10:26:48.871920103Z,2026-09-27T10:19:02.940021Z,2026-09-27T10:26:54.933863Z,2,dup_15e57807ebe901cc,True,1,,True,
3995220561207387811,"KRAZY 是我參加過最爛的音樂節沒有之一

KPOP追星女被噴了一天的巨嬰跟井底之蛙 
説沒見過世面 沒看過國外的音樂節 沒聽EDM

附上我之前去柏林Lollapalooza購票截圖&現場照片（我買VIP雙日票） 

我2024年買的雙日票 €449 (約等於台幣16,000) 
我昨天參加的KRAZY 單日ROCK 加價換VIP 6,800+3,000‎ = 9,800 

來展開說說分別的體驗

（1）關於水：
這種音樂節大多水不能帶 因為場內要賣酒水 加上怕攜帶危險液體 也怕你丟瓶蓋上台 甚至有些演唱會場內飲料也不會給你蓋子 

但Lollapalooza的做法是 不能帶水 但你可以帶裝水的容器 場內有非常多免費裝水站 也會一直呼籲大家要記得去裝水 

KRAZY 不多說了 

（2）關於代幣：
能理解場內飲食會比較貴 也沒有不願意花錢 
但有代幣機制能不能先說（至少我演出前都沒看到公告） 

Lollapalooza 是有自己的APP 掃描入場手環後 可以直接在APP裡面加值 一次最低加值€10
（約台幣360） 買場內食物直接掃瞄手環上的qrcode 付款",演唱會,rebmamixxoo,https://www.threads.com/@rebmamixxoo/post/Ddx3-7OGmaj,2026-09-27T05:37:06Z,CAROUSEL_ALBUM,60,high,"[""演唱會""]","[""演唱會""]","[""threads_ssr""]",2026-09-27T17:23:53.17469842Z,2026-09-27T16:57:51.704816Z,2026-09-27T17:23:59.237357Z,3,dup_00be26c79d92b434,False,1,,True,ticket_resale
3995228379171518948,"盼星星盼月亮剛剛本來不抱希望了
但現在我可以大聲說哥哥鄭州我來了🥺
雖然最希望1599但有1299已經很滿足
希望二開可以搶到1599啊啊啊
有沒有搶到的寶要一起去的！！！
第一次一個人去看演唱會我好緊張啊",演唱會,star.hmh0803,https://www.threads.com/@star.hmh0803/post/Ddx5wsRE_nk,2026-09-27T05:52:38Z,CAROUSEL_ALBUM,60,high,"[""演唱會""]","[""演唱會""]","[""threads_ssr""]",2026-09-27T16:57:45.637815568Z,2026-09-27T08:31:15.643548Z,2026-09-27T16:57:51.704816Z,4,dup_d7b85da52f24d935,True,1,,True,
3995234503267233024,"比荒謬更荒謬的是，柯志恩竟有臉談演唱會經濟

因為補助大港開唱，那時候，我背負著國民黨潑糞式的羞辱，那種「明明是在為這座城市做對的事、好不容易把文化荒漠種出花來，卻要被扣上最髒的名號」的屈辱與沉重，至今依然歷歷在目。

看到新聞報導柯志恩高調提出所謂「演唱會經濟 2.0」，大言不慚地宣稱要串聯演藝經驗、打造產業鏈，甚至誇言「我有信心」，我的內心沒有一絲敬意，只有排山倒海的荒謬與無比深沉的心酸。

作為前高雄市文化局長，在我任內，我們從無到有催生了「高雄流行音樂中心」行政法人，一步一步為高雄的影音產業打破官僚僵化體制、奠定硬體與軟體的基礎。這條路是怎麼走過來的？背後經歷了多少艱辛、深夜裡有過多少焦慮與堅持，我和無數第一線的文化工作者，比誰都清楚。

高雄今天的「演唱會經濟」，絕非憑空拔地而起，更不是選前隨口扯幾句「2.0」就能堆疊出來的幻相。它是十幾年來無數文化人、市府團隊與在地創作者，用血汗、青春與信念默默灌溉出來的果實。",演唱會,aaronyin,https://www.threads.com/@aaronyin/post/Ddx7JzxoK0A,2026-09-27T06:04:48Z,IMAGE,60,high,"[""演唱會""]","[""演唱會""]","[""threads_ssr""]",2026-09-27T15:18:41.201209827Z,2026-09-27T15:18:47.250212Z,2026-09-27T15:18:47.250212Z,1,dup_751e10c72ef9f3ec,True,1,,True,
3995237394668543455,"我因為演唱會買了件帽t結果沒抽到二抽也沒中 搶票也搶不到
衣服我到底要不要留... 還是退了？",演唱會,satoshi831118,https://www.threads.com/@satoshi831118/post/Ddx7z4mk13f,2026-09-27T06:10:33Z,IMAGE,60,high,"[""演唱會""]","[""演唱會""]","[""threads_ssr""]",2026-09-27T10:18:56.887402701Z,2026-09-27T10:19:02.940021Z,2026-09-27T10:19:02.940021Z,1,dup_a4805926512138d7,True,1,,True,
3995241346626157588,"來台北店吹冷氣（？發現涼介演唱會週邊又上架了！ 有缺東西的大家可以把握機會！ 

不過沒有小卡就是了！ 😶‍🌫️",演唱會,koi0315,https://www.threads.com/@koi0315/post/Ddx8tZJmvwU,2026-09-27T06:18:24Z,IMAGE,60,high,"[""演唱會""]","[""演唱會""]","[""threads_ssr""]",2026-09-27T10:26:48.871873366Z,2026-09-27T08:31:15.643548Z,2026-09-27T10:26:54.933863Z,2,dup_2c810bde05c4b6b2,True,1,,True,
3995241749521475843,"原價讓
fromis_9演唱會門票🎫
5800*2
4800*2
3800*2
面交再付款
不需要訂金 不需要匯款￼",演唱會,sumi4979090,https://www.threads.com/@sumi4979090/post/Ddx8zQYCakD,2026-09-27T06:19:12Z,CAROUSEL_ALBUM,60,high,"[""演唱會""]","[""演唱會""]","[""threads_ssr""]",2026-09-27T10:26:48.871899394Z,2026-09-27T08:31:15.643548Z,2026-09-27T10:26:54.933863Z,3,dup_782d2d7bf6dd5300,False,1,,True,ticket_resale
3995249075939346637,"別的KPOP我不敢亂講，SHINee world算是溫和派又見多識廣的，如果連閃窩都覺得不OK就是不OK!🙂‍↕️
我們可不是只跑專場拼盤，什麼潑水節啤酒節科切拉歌劇舞台甚至各種運動賽事都涉足的，接下來還有馬拉松演唱會要參加，不是你們這種只會辦台灣電音趴這種井底之蛙能評價的🙂‍↕️🙂‍↕️🙂‍↕️🙂‍↕️🙂‍↕️",演唱會,onlyone_w1214,https://www.threads.com/@onlyone_w1214/post/Ddx-d3okojN,2026-09-27T06:33:45Z,TEXT_POST,60,high,"[""演唱會""]","[""演唱會""]","[""threads_ssr""]",2026-09-27T15:18:41.201107326Z,2026-09-27T15:18:47.250212Z,2026-09-27T15:18:47.250212Z,1,dup_693020a093b9ee80,True,1,,True,
3995270412305153080,"原價讓
告五人演唱會門票🎫
3850*2
3250*2
2950*2
2450*2
 1950*2
1550 *2
800*2
不需要訂金 不需要匯款
面交再付款￼",演唱會,markgzsjz2lp,https://www.threads.com/@markgzsjz2lp/post/DdyDUWrE7w4,2026-09-27T07:16:09Z,IMAGE,60,high,"[""演唱會""]","[""演唱會""]","[""threads_ssr""]",2026-09-27T08:31:09.591961565Z,2026-09-27T08:31:15.643548Z,2026-09-27T08:31:15.643548Z,1,dup_d581917947a3f81c,False,1,,True,ticket_resale
3995283777975405027,"乾！！！！
這比BTS演唱會的門票還要難搶欸！！！
但是呢，搖滾區，我來了😍😍",演唱會,candy_yeh0616,https://www.threads.com/@candy_yeh0616/post/DdyGW2bGsnj,2026-09-27T07:42:42Z,IMAGE,60,high,"[""演唱會""]","[""演唱會""]","[""threads_ssr""]",2026-09-27T19:16:53.105225483Z,2026-09-27T08:31:15.643548Z,2026-09-27T19:16:59.171687Z,6,dup_29c3a7fa47bf9a16,True,1,,True,
3995291487701669585,"ㄴTWS 1024高雄演唱會應援物><!
-
大家好！我是鮭魚🥹
這次準備的是髮夾！
每個成員各有8個 共48個
當天會在發穿搭在ig限動！（_jihoon0.0）
如果可以跟我交換妳/你的應援也很歡迎呦😘
—
注意事項：
⭐️每人限領一份 不可代領
⭐️請出示門票或粉絲證明(ex:小卡 手燈等等）
⭐️髮夾有可能會有一點劃痕介意者請不要拿
⭐️請勿轉賣或拿去抽獎
⭐️優先以交換為主🥹
—
歡迎各位42來找我一起玩><!!!!
本人不拒同擔！",演唱會,_jihoon0.0,https://www.threads.com/@_jihoon0.0/post/DdyIHCqmZbR,2026-09-27T07:58:01Z,IMAGE,60,high,"[""演唱會""]","[""演唱會""]","[""threads_ssr""]",2026-09-27T17:23:53.174519484Z,2026-09-27T15:18:47.250212Z,2026-09-27T17:23:59.237357Z,4,dup_6830ccf5e7584bab,True,1,,True,
3995297562814961072,"ado事件懶人包，就我所知的整理，有錯請糾正。

一、背景說明

ado參加在日本舉行的韓國拼盤演唱會，卡司陣容大多是韓團藝人，台下是喜歡韓團的櫻花妹。第一天日本嘉賓是ikura。

二、爭議點

第一天活動中，所有韓團藝人都有出來謝幕（這對韓團粉絲很重要，因為很容易獲得偶像飯撒）。

但第二天卻沒有謝幕活動，因此有部分韓團粉絲質疑，是不是礙於壓軸的ado是覆面系歌手，才導致謝幕遭到取消。

三、衝突爆發

特地花6萬日圓以及花很長時間等待的韓團粉絲發現謝幕活動沒了，對著演唱會現場比中指、倒讚表達不滿。

不理性的韓團粉絲則將氣出在覆面系歌手ado身上，質疑是因為ado的特殊性導致謝幕活動取消，因此紛紛灌爆ado的社群。

四、衝突擴大

謝幕活動算是引爆點，但在演出前早已有水土不服的跡象在。

其一ado在韓團拼盤選曲竟是櫻桃小丸子，其二公告在演出時禁止攝影、使用特定望遠鏡，規矩太多，讓韓團粉絲認為ado反客為主。

甚至提出質疑，正是因為在ado下台前都無法使用手機，所以才只有第二天沒有謝幕活動。

以下我的觀點",演唱會,forwork_liao,https://www.threads.com/@forwork_liao/post/DdyJfcjkdWw,2026-09-27T08:10:05Z,TEXT_POST,60,high,"[""演唱會""]","[""演唱會""]","[""threads_ssr""]",2026-09-27T10:26:48.871939559Z,2026-09-27T08:31:15.643548Z,2026-09-27T10:26:54.933863Z,3,dup_1b8c00212d9d22ea,True,1,,True,
3995337318416199040,"道歉文&感謝文。
9/6我很期待很期待參加這場演唱會，是我人生第一次參加演唱會！
我的座位在二樓，但是因為我實在太興奮，所以幾乎整場都站著，爬文才發現站著是不禮貌的行為，就算座位是階梯式的。（下次我會買去一樓的！）
真的對後面的粉絲感到非常抱歉！！soooorrrryyyyy~~~~▓後面是一對男女，開場前我聽到男子說：這是我第一次看到女粉絲比男粉絲多的演唱會，而我只是男粉絲中的0.3。
我聽了是覺得很有趣▓
但他們一定是超級好人才沒把我轟坐下！再衷心感謝一次！▓▓

然後我捷運站搭訕了一位女粉絲，她從苗栗來，我們出捷運站一起散步前往海音館邊聊天，她還把多的一張海報給我（已經裱框），進場前她還給我吃一顆保護眼睛👀的？她說吃這個眼睛可以撐比較久，太可愛！風飯們都是大好人啊～～～（如果茫茫人海中妳有看到我的文，請追蹤我聯繫我，希望哪一天可以跟妳去日本看w-inds演唱會）

這幾天我一直在回味 Long Road, 最後一句大家一起手舉起來的結尾，畫面太感人太好看惹～～",演唱會,windep10,https://www.threads.com/@windep10/post/DdySh92Dy2A,2026-09-27T09:29:04Z,TEXT_POST,60,high,"[""演唱會""]","[""演唱會""]","[""threads_ssr""]",2026-09-27T15:18:41.201227885Z,2026-09-27T15:18:47.250212Z,2026-09-27T15:18:47.250212Z,1,dup_aa01f6bf721e7764,True,1,,True,
3995343456662651889,"下周就是演唱會了
這次所有的票價都有海報！！
大家記得帶海報桶~
有時候A3的收納盒會不符合主辦的包包尺寸~

海報桶這裡買👇🏻",演唱會,shoujo_jianai,https://www.threads.com/@shoujo_jianai/post/DdyT7SiDwPx,2026-09-27T09:41:16Z,IMAGE,60,high,"[""演唱會""]","[""演唱會""]","[""threads_ssr""]",2026-09-27T15:18:41.201019505Z,2026-09-27T10:26:54.933863Z,2026-09-27T15:18:47.250212Z,2,dup_3c7254ffcb0c290e,False,1,,True,ticket_resale
3995343959987798068,"原價讓
fromis_9演唱會門票🎫
5800*2
4800*2
3800*2
面交再付款
不需要訂金 不需要匯款￼",演唱會,fumi51289,https://www.threads.com/@fumi51289/post/DdyUCnSk0A0,2026-09-27T09:42:16Z,CAROUSEL_ALBUM,60,high,"[""演唱會""]","[""演唱會""]","[""threads_ssr""]",2026-09-27T15:18:41.201170122Z,2026-09-27T15:18:47.250212Z,2026-09-27T15:18:47.250212Z,1,dup_78cf46c4d5600ce0,False,1,,True,ticket_resale
3995343967596300970,"原價讓
82MAJOR演唱會門票🎫
4280*2
3680*2
面交再付款
不需要訂金不需要匯款￼",演唱會,eyumi795,https://www.threads.com/@eyumi795/post/DdyUCuYE8qq,2026-09-27T09:42:17Z,CAROUSEL_ALBUM,60,high,"[""演唱會""]","[""演唱會""]","[""threads_ssr""]",2026-09-27T15:18:41.201098411Z,2026-09-27T10:19:02.940021Z,2026-09-27T15:18:47.250212Z,3,dup_3c0c6285c415cc3d,False,2,same_author_exact,False,content_duplicate
3995344109590160344,"原價讓
告五人演唱會門票🎫
3850*2
3250*2
2950*2
2450*2
 1950*2
1550 *2
800*2
不需要訂金 不需要匯款
面交再付款￼",演唱會,deyumi816,https://www.threads.com/@deyumi816/post/DdyUEynkiPY,2026-09-27T09:42:34Z,CAROUSEL_ALBUM,60,high,"[""演唱會""]","[""演唱會""]","[""threads_ssr""]",2026-09-27T15:18:41.201052965Z,2026-09-27T10:19:02.940021Z,2026-09-27T15:18:47.250212Z,3,dup_c35ada628f5ce2ed,False,2,same_author_exact,False,content_duplicate
3995353497323385971,"#降價售
不行我是真沒招了
傳說對決10週年演唱會門票*1
位置是特A4（正中間！）
排數1X排（X>=5)號碼X號(X>=5)
價錢$3000 可議價 不要太離譜都行
匯款後會直接給序號取票！",演唱會,wonheesana,https://www.threads.com/@wonheesana/post/DdyWNZoEzRz,2026-09-27T10:01:13Z,IMAGE,60,high,"[""演唱會""]","[""演唱會""]","[""threads_ssr""]",2026-09-27T16:57:45.637771987Z,2026-09-27T16:57:51.704816Z,2026-09-27T16:57:51.704816Z,1,dup_5e0d5be796ba80e6,False,1,,True,ticket_resale
3995357675051593919,"好消息：抽到演唱會的票
壞消息：忘了自己有沒有填表單，但時間還沒到就關表單了",演唱會,wwwqp.26,https://www.threads.com/@wwwqp.26/post/DdyXKMcFLC_,2026-09-27T10:09:31Z,CAROUSEL_ALBUM,60,high,"[""演唱會""]","[""演唱會""]","[""threads_ssr""]",2026-09-27T16:57:45.63775725Z,2026-09-27T16:57:51.704816Z,2026-09-27T16:57:51.704816Z,1,dup_c55f0ec81c77aa63,True,1,,True,
3995360678735773646,"📣 追內地演唱會，開支有幾多？

第一，門票動輒幾百到千；
第二，來回高鐵車費隨時數百；
第三，酒店住宿起碼幾百蚊一晚。

HopeGoo著數卡，9.9蚊就換到總值HK$658優惠！火車票滿HK$50減HK$25，酒店95折仲可省高達HK$288，兼送巴士同玩樂券，追星冇壓力。

呢筆帳，計得明！
去 HopeGoo App search bar 輸入【sztott】搜尋",演唱會,rosie68693,https://www.threads.com/@rosie68693/post/DdyX151m__O,2026-09-27T10:15:29Z,IMAGE,60,high,"[""演唱會""]","[""演唱會""]","[""threads_ssr""]",2026-09-27T16:57:45.637723788Z,2026-09-27T16:57:51.704816Z,2026-09-27T16:57:51.704816Z,1,dup_6c97fde125db03e4,False,1,,True,ticket_resale
3995362203440593833,"✨7-11店內新到‼️Sanrio應援手燈
樣式超搞笑又可愛，手燈夠晒特別
無論係打卡、去演唱會撐場都啱用
大家都問：幾時開演唱會😂
手燈ready，坐等開show
一個只需要$48🔥
店內少量現貨，有興趣DM我留貨
可到店自取，都可以順豐到付",演唱會,thetamoorhassanw,https://www.threads.com/@thetamoorhassanw/post/DdyYMF1GTup,2026-09-27T10:18:31Z,CAROUSEL_ALBUM,60,high,"[""演唱會""]","[""演唱會""]","[""threads_ssr""]",2026-09-27T15:18:41.201088386Z,2026-09-27T15:18:47.250212Z,2026-09-27T15:18:47.250212Z,1,dup_5493846d4b85c1c8,False,1,,True,ticket_resale
3995366395377992747,"#讓票#售票 82Major演唱會門票
第一次幫朋友搶到熱門的門票😭
結果她自己也有搶到了🥹
多兩張 A ZONE原價讓 4280*2 可拆
只限粉絲～￼",演唱會,goose.82913637,https://www.threads.com/@goose.82913637/post/DdyZJF4CcQr,2026-09-27T10:26:51Z,IMAGE,60,high,"[""演唱會""]","[""演唱會""]","[""threads_ssr""]",2026-09-27T16:57:45.637502957Z,2026-09-27T15:18:47.250212Z,2026-09-27T16:57:51.704816Z,2,dup_1ed2d3dee019e89f,False,2,same_author_exact,False,content_duplicate
3995377513103206036,"大家！ 我12月要去AAA!
這是我第一次去看演唱會
請問有什麼事必須要知道的嗎？
我希望可以跟大家一樣準備充足去看寶貝們🫪
謝謝大家😭😭😭😭😭😭😭😭",演唱會,coer.3110,https://www.threads.com/@coer.3110/post/Ddybq4EGaaU,2026-09-27T10:48:56Z,TEXT_POST,60,high,"[""演唱會""]","[""演唱會""]","[""threads_ssr""]",2026-09-27T16:57:45.637531531Z,2026-09-27T16:57:51.704816Z,2026-09-27T16:57:51.704816Z,1,dup_e4c920b3cf52ed57,True,1,,True,
3995391882771285576,"這個演唱會週邊我是買不了了 我沒錢了啊啊啊啊啊啊啊 
遠在天邊近在眼前",演唱會,aaaaaaaaaa333999.__,https://www.threads.com/@aaaaaaaaaa333999.__/post/Ddye7-3D8ZI,2026-09-27T11:17:29Z,TEXT_POST,60,high,"[""演唱會""]","[""演唱會""]","[""threads_ssr""]",2026-09-27T17:23:53.174781335Z,2026-09-27T15:18:47.250212Z,2026-09-27T17:23:59.237357Z,4,dup_2a1d5fdc4812c296,True,1,,True,
3995392883659332143,"剛剛在看蘋果木的PLAVE 演唱會周邊公告
注意到這一項
「不能夜排，主辦單位會解散不予承認」

希望大家都好好遵守～",演唱會,taiikeovo,https://www.threads.com/@taiikeovo/post/DdyfKjAo1ov,2026-09-27T11:19:28Z,IMAGE,60,high,"[""演唱會""]","[""演唱會""]","[""threads_ssr""]",2026-09-27T17:23:53.174659877Z,2026-09-27T15:18:47.250212Z,2026-09-27T17:23:59.237357Z,4,dup_3b736e7167c3b971,True,1,,True,
3995395648944992938,"12/31 劉德華演唱會，有冇人要四張飛嘅。
本來同bff約佐，因有事親臨唔到現場
原價轉俾fans $980X4
黃牛勿扰，睇上pm",演唱會,mikafujiif,https://www.threads.com/@mikafujiif/post/DdyfyyYgfKq,2026-09-27T11:24:58Z,TEXT_POST,60,high,"[""演唱會""]","[""演唱會""]","[""threads_ssr""]",2026-09-27T16:57:45.637799889Z,2026-09-27T16:57:51.704816Z,2026-09-27T16:57:51.704816Z,1,dup_06aec14e2284558a,False,1,,True,ticket_resale
3995396779965394411,"🔥【讓飛】BIGBANG香港演唱會
11/13｜VIP2連位×2｜HKD$2699
個人原因去唔到，只出俾真心粉絲，牛牛勿擾
有興趣PM🙏",演唱會,crab.34765421,https://www.threads.com/@crab.34765421/post/DdygDPuk63r,2026-09-27T11:27:13Z,IMAGE,60,high,"[""演唱會""]","[""演唱會""]","[""threads_ssr""]",2026-09-27T15:18:41.201137329Z,2026-09-27T15:18:47.250212Z,2026-09-27T15:18:47.250212Z,1,dup_42bdb9207896c78b,False,1,,True,ticket_resale
3995398537353683880,"放兩張MAMAMOO媽媽木香港🇭🇰演唱會飛
時間：2026 /10/04
演唱出地點：啟德體育館
價位：$ 2099×2 
可單放 唔想放俾黃牛 
有冇粉絲需要飛嘅 黃牛勿擾 有意PM🙏￼",演唱會,turtle.8680549,https://www.threads.com/@turtle.8680549/post/Ddygc0bFOOo,2026-09-27T11:30:42Z,TEXT_POST,60,high,"[""演唱會""]","[""演唱會""]","[""threads_ssr""]",2026-09-27T15:18:41.201125047Z,2026-09-27T15:18:47.250212Z,2026-09-27T15:18:47.250212Z,1,dup_19b45ae7a89ac694,False,2,same_author_exact,False,content_duplicate
3995402556797062092,"#讓票 傳說十週年演唱會
原價讓3490 
特A5 9排1x號（未取票）
需先匯款 收到後會給序號自行取票
（如果有粉絲證明佳）
詐騙勿擾！！！",演唱會,moon._.yue1025,https://www.threads.com/@moon._.yue1025/post/DdyhXT0k4vM,2026-09-27T11:38:42Z,CAROUSEL_ALBUM,60,high,"[""演唱會""]","[""演唱會""]","[""threads_ssr""]",2026-09-27T22:14:36.742882526Z,2026-09-27T22:14:42.805990Z,2026-09-27T22:14:42.805990Z,1,dup_0724ecce62ed6e98,False,1,,True,ticket_resale
3995409294627696061,固態移動硬碟2TB只用過一次 就是在台北豪雨演唱會用過一次150G只需要幾分鐘就傳好了 本人沒有用處了 無償獻給有需要的人,演唱會,rabbit.3709307,https://www.threads.com/@rabbit.3709307/post/Ddyi5W6k-29,2026-09-27T11:52:05Z,CAROUSEL_ALBUM,60,high,"[""演唱會""]","[""演唱會""]","[""threads_ssr""]",2026-09-27T17:23:53.174653545Z,2026-09-27T15:18:47.250212Z,2026-09-27T17:23:59.237357Z,4,dup_e90a4f58dfc2d3b8,True,1,,True,
3995414261103024753,"moondog+寶島製作
這個組合的票下次不能買
雖然歌手還是唱的很好聽
但是 到九樓後驗完票 
又叫人下一樓去排隊
排隊也就算了 
進場完畢就已經超過六點了
全部的人擠在那個小空間 
冷氣根本就感受不到  超級悶又窒息
雖然一開始就知道是買站票 
但真的沒想過是從16:30集合就開始站到19:50 

好不容易18:26開始了 
結果還能準時於19:30唱完最後一首
➕安可 解散時間19:50

可能我參加的演唱會太少 
實在是有點看不懂
感覺花錢去受罪⋯⋯",演唱會,qem2815522,https://www.threads.com/@qem2815522/post/DdykBoTk1px,2026-09-27T12:01:57Z,IMAGE,60,high,"[""演唱會""]","[""演唱會""]","[""threads_ssr""]",2026-09-27T22:14:36.743099694Z,2026-09-27T22:14:42.805990Z,2026-09-27T22:14:42.805990Z,1,dup_b5abf2253161dd24,True,1,,True,
3995417609616970156,"紀念一個完全不知道是誰還去看的演唱會 
#LANY",演唱會,haileyhuanghuang,https://www.threads.com/@haileyhuanghuang/post/DdykyW2j1Gs,2026-09-27T12:08:36Z,CAROUSEL_ALBUM,60,high,"[""演唱會""]","[""演唱會""]","[""threads_ssr""]",2026-09-27T17:23:53.174776205Z,2026-09-27T16:57:51.704816Z,2026-09-27T17:23:59.237357Z,3,dup_05a9a75c44ca36ac,True,1,,True,
3995434106526662310,"張天賦澳門演唱會合影🈶
有無168.5以下既fans想合影
張天賦",演唱會,edward_wa_cad_,https://www.threads.com/@edward_wa_cad_/post/DdyoiazAH6m,2026-09-27T12:41:23Z,TEXT_POST,60,high,"[""演唱會""]","[""演唱會""]","[""threads_ssr""]",2026-09-27T17:23:53.174806372Z,2026-09-27T16:57:51.704816Z,2026-09-27T17:23:59.237357Z,3,dup_c5a34b1f2a844dfe,True,1,,True,
3995442075955962092,"今天AKB演唱會莫名覺得有種飯隨愛豆的感覺。
我坐在陽香席嘛即是五階山頂位，雖然是山頂位但我們整個區都是由開始站到最後的，旁邊區都是坐着看。
然後安可前大家各自零散地喊自己推的名字時，陽香席有個男飯說：我喊セーの然後一起喊ひゆか吧。所以我們應該或許其實就是第一個飯席集體大喊自己推的名字，喊了兩次後，就有其他飯席開始セーの～
最後一部的歌單時，我們喊ひゆか的聲音真的很大🤣🤣安可時就算陽香在地面，我們也是一直在大喊ひゆか🤣真的雖然人不是最多但真的都盡力喊出自己最強而有力的音量🤣

就 大家和陽香一樣真的都很元気啊🤣🤣🤣",演唱會,miu.l418,https://www.threads.com/@miu.l418/post/DdyqWY6ASDs,2026-09-27T12:57:13Z,TEXT_POST,60,high,"[""演唱會""]","[""演唱會""]","[""threads_ssr""]",2026-09-27T17:23:53.174841828Z,2026-09-27T16:57:51.704816Z,2026-09-27T17:23:59.237357Z,2,dup_95d3c0555b6ab084,True,1,,True,
3995448259661814293,"放babymonster香港🇭🇰演唱會
2連 799原價出
有购票記錄證明
想問下親愛嘅fans😭🙏🏻
有冇人想收呀🙏🏻
單買/連位都OK!! 
有意dm / pm🤍￼",演唱會,owl.9645962,https://www.threads.com/@owl.9645962/post/DdyrwX7mFoV,2026-09-27T13:09:30Z,TEXT_POST,60,high,"[""演唱會""]","[""演唱會""]","[""threads_ssr""]",2026-09-27T19:16:53.105241573Z,2026-09-27T15:18:47.250212Z,2026-09-27T19:16:59.171687Z,5,dup_7e91ee2578e143ea,False,1,,True,ticket_resale
3995448865092385814,"makerville你哋係咪痴線㗎
物販安排得好 又唔駛坐牢咁企足2小時
連我block c飛呢啲肯撚定冇彩帶拎
完場擺張枱比大家拎
希望你哋往後再承辦下jpop演唱會🧎🏻🙇🏻
我會嚴肅到場支持！",演唱會,iamterryook,https://www.threads.com/@iamterryook/post/Ddyr5LyEbwW,2026-09-27T13:10:42Z,TEXT_POST,60,high,"[""演唱會""]","[""演唱會""]","[""threads_ssr""]",2026-09-28T00:46:04.068317581Z,2026-09-27T15:18:47.250212Z,2026-09-28T00:46:10.117869Z,7,dup_314bad560993116d,True,1,,True,
3995449610898500606,"AKB演唱會推席排名真的太有趣了我要瘋掉
這就是選舉的刺激感嗎
真的什麼事情都可以發生欸😍😍😍
小栗第二名 花第三 星第一
我真的嚇瘋
千葉第八也是",演唱會,lu01.30,https://www.threads.com/@lu01.30/post/DdysECXk-v-,2026-09-27T13:12:11Z,TEXT_POST,60,high,"[""演唱會""]","[""演唱會""]","[""threads_ssr""]",2026-09-28T00:46:04.068305754Z,2026-09-27T17:23:59.237357Z,2026-09-28T00:46:10.117869Z,3,dup_2fd2c1d0675cd24f,True,1,,True,
3995451304944029188,"放 babymonster 香港演唱會
VIP2299二連🙏4400HKD打包帶走
 有購票紀錄，可以比你睇 
同friend 同一時間撞到入條隊到，一齊比左錢😭
可以拆單丁，亦可二張一齊收
如果有意可提供購票記錄！有意請Pm！
一定唔呃錢，否則天打雷劈",演唱會,hawk.500763,https://www.threads.com/@hawk.500763/post/DdyscsEj04E,2026-09-27T13:15:33Z,IMAGE,60,high,"[""演唱會""]","[""演唱會""]","[""threads_ssr""]",2026-09-27T17:23:53.174815579Z,2026-09-27T15:18:47.250212Z,2026-09-27T17:23:59.237357Z,3,dup_955ba918a8497d9e,False,2,same_author_exact,False,content_duplicate
3995455034225837470,"身為一個Melody
也身為UNIVERSE的好朋友
強烈許願PENTAGON演唱會台灣場主辦是 @oaklight_creative 
爸偷爸偷",演唱會,ormer622,https://www.threads.com/@ormer622/post/DdytS9PE8We,2026-09-27T13:22:57Z,TEXT_POST,60,high,"[""演唱會""]","[""演唱會""]","[""threads_ssr""]",2026-09-27T17:23:53.174744075Z,2026-09-27T15:18:47.250212Z,2026-09-27T17:23:59.237357Z,3,dup_100f50e6afdc9c37,True,1,,True,
3995453799178309629,"跟好朋友一起從現生逃跑到演唱會
是最最最幸福的事ㄛ(ﾉ≧ڡ≦)☆
此時此刻比起台上的人
我們更想見證彼此臉上的笑容🙂‍↕️",演唱會,suuuuun.939401,https://www.threads.com/@suuuuun.939401/post/DdytA_Agg_9,2026-09-27T13:26:14Z,VIDEO,60,high,"[""演唱會""]","[""演唱會""]","[""threads_ssr""]",2026-09-27T15:18:41.201186414Z,2026-09-27T15:18:47.250212Z,2026-09-27T15:18:47.250212Z,1,dup_36e57d60a04549ae,True,1,,True,
3995457670522053023,"呢次演唱會遇到好心人
不論係day1 賣前排飛比我嘅
定係day2 賣電子飛（not scam）比我嘅😭

多謝你地我先可以睇足兩場
今日狀態明顯好好多
仲有encore😭 千呼萬喚始出來

我都想做個好人
如果有人琴日/今日去咗聽演唱會但無拎到彩帶
可以送一條比你🙏🏻 （名額兩個）",演唱會,quail.5843411281,https://www.threads.com/@quail.5843411281/post/Ddyt5Uek6Gf,2026-09-27T13:28:12Z,IMAGE,60,high,"[""演唱會""]","[""演唱會""]","[""threads_ssr""]",2026-09-27T17:23:53.174825127Z,2026-09-27T15:18:47.250212Z,2026-09-27T17:23:59.237357Z,3,dup_9752c6e527cef085,True,1,,True,
3995461619593401082,"Back number HK第二場
個人感想：（最爽嘅演唱會）
清水叔把聲好幾首都係唱唔到上去，但係佢唱歌嘅感情勁豐富，所以佢唱得沙沙地反而更加正，認真未聽過歌手唱歌可以咁有感情。

成場燈光表現都幾正，不過去到最後MC嘅時候都係會有眼痛

前面一直冇唱Christmas song同水平線，一直好驚佢唔唱，好彩最尾幾首有唱到

成場真係由頭high到落尾，爽到癲，第一次把聲沙晒喉嚨痛（10月2仲有場GBC演唱會要睇，都唔知把聲頂唔頂得住），仲要勁幸運有encore，不過係前面唱過嘅高嶺の花子さん，不過大家一齊大合唱又係另一種感覺，好滿足

不過話說有啲尷尬，其他副歌都唱到一兩句，唯獨最後一首要不停咁樣合唱，但嗰首我淨係聽過幾次完全唔識唱，啞咗喺度…▓

好希望back number下次可以起冬天嘅時候嚟香港演唱會，最鍾意嗰幾首都啱冬天

雖然清水叔好多首都出唔到上去，但真係好建議未聽過嘅人去聽一轉，每一首清水叔嘅Emotion都勁想瞌埋眼仔細去聽

目前感覺最爽嘅演唱會🫶，原本今日心情幾差，但聽完之後真係消哂，心情變超靚▓▓▓▓",演唱會,lhwk_xv,https://www.threads.com/@lhwk_xv/post/DdyuyyVklL6,2026-09-27T13:36:02Z,IMAGE,60,high,"[""演唱會""]","[""演唱會""]","[""threads_ssr""]",2026-09-27T19:16:53.105154741Z,2026-09-27T15:18:47.250212Z,2026-09-27T19:16:59.171687Z,5,dup_3c68fe74840574f7,True,1,,True,
3995465690954057805,"還在考慮Fnc 演唱會要去哪一天（沒去過）
主要是想聽CNBlue

想問看看有聽過的人要去哪天比較好▓

#fnc #cnblue",演唱會,boice.han,https://www.threads.com/@boice.han/post/DdyvuCFk8hN,2026-09-27T13:44:08Z,TEXT_POST,60,high,"[""演唱會""]","[""演唱會""]","[""threads_ssr""]",2026-09-27T19:16:53.105189065Z,2026-09-27T19:16:59.171687Z,2026-09-27T19:16:59.171687Z,1,dup_35449bc78e08612e,True,1,,True,
3995475711757985262,"有沒有人明天自己一個人去聽Henry Moodie 演唱會的！😭（希望是女生~）
可以一起排隊進場、場內場外拍拍照❤️",演唱會,143_yiiiii,https://www.threads.com/@143_yiiiii/post/Ddyx_2sCSXu,2026-09-27T14:04:02Z,TEXT_POST,60,high,"[""演唱會""]","[""演唱會""]","[""threads_ssr""]",2026-09-28T00:46:04.068301758Z,2026-09-27T19:16:59.171687Z,2026-09-28T00:46:10.117869Z,3,dup_ed5857e984319b20,True,1,,True,
3995479636184303507,"誰懂！！！我搶道票啦！！！▓▓
人生的第一場演唱會我來了！好期待呀▓
也希望每個真愛粉都可以刷到票!

想要上來問一下：第一次看演唱會需要注意什麼？希望各位大前輩們指點一二▓▓",演唱會,light_90319,https://www.threads.com/@light_90319/post/Ddyy49mEoeT,2026-09-27T14:11:50Z,TEXT_POST,60,high,"[""演唱會""]","[""演唱會""]","[""threads_ssr""]",2026-09-27T17:23:53.174559038Z,2026-09-27T17:23:59.237357Z,2026-09-27T17:23:59.237357Z,1,dup_2df4b224b4230d9f,True,1,,True,
3995484092154669223,刷演唱會票的毅力拿去讀書有多好😡,演唱會,sitting_637,https://www.threads.com/@sitting_637/post/Ddyz5zimmin,2026-09-27T14:20:41Z,IMAGE,60,high,"[""演唱會""]","[""演唱會""]","[""threads_ssr""]",2026-09-27T17:23:53.174716443Z,2026-09-27T16:57:51.704816Z,2026-09-27T17:23:59.237357Z,3,dup_ce183177174fbb39,True,1,,True,
3995486125561662925,"BOYNEXTDOOR TOUR ‘KNOCK ON Vol.2’ IN TAIPEI

門童的演唱會又要到了 給大家準備了一些物料！

💝發放物料：波捏豆的指娃

💝發放數量
總共80份（不含線下和交換）
每人限領一份

🍀領取條件

⚠️‼️
請不要轉賣ㅠㅠ
希望領取的豌豆們可以喜歡￼",演唱會,tomahorse,https://www.threads.com/@tomahorse/post/Ddy0XZTGs3N,2026-09-27T14:24:44Z,CAROUSEL_ALBUM,60,high,"[""演唱會""]","[""演唱會""]","[""threads_ssr""]",2026-09-27T17:17:20.584924247Z,2026-09-27T16:57:51.704816Z,2026-09-27T17:17:26.675989Z,2,dup_fc39c895977a8909,True,1,,True,
3995487509212066907,新加坡有人會去看the weekend的演唱會嗎嗎嗎,演唱會,_cc.celia,https://www.threads.com/@_cc.celia/post/Ddy0rh7GHRb,2026-09-27T14:27:29Z,TEXT_POST,60,high,"[""演唱會""]","[""演唱會""]","[""threads_ssr""]",2026-09-27T19:16:53.105126237Z,2026-09-27T17:17:26.675989Z,2026-09-27T19:16:59.171687Z,3,dup_662056ee66fd0796,True,1,,True,
3995493387092561605,"因為這次自己去看，這邊想來約看看有沒有10/3高雄場打算早一點去現場的噗哩！！然後一整天一起行動這樣子▓
徵求一位！（本人I人偏好兩人小群體）
我預估當天大約早上10點左右抵達巨蛋去排週邊～
希望有興趣的噗哩下面留言或私訊我都可以▓
-其他個人資訊（？）
我坐橙209區
我是1996 line，雖然是I人但是很喜歡聊天，那天除了買週邊跟看演唱會我目前都沒安排，可以一起討論或是直接按照妳的行程也沒問題！
-希望對象（只是傾向，沒有絕對，主要還是希望能徵到▓）
希望是成年噗哩（畢竟如果未成年跟陌生人出遊感覺爸媽會擔心）
偏好一樣是6300價位的（soundcheck 時間段也不會落單）

大概是這樣！有其他問題都可以留言或私訊我！希望能成功推送出去▓",演唱會,yee_plli,https://www.threads.com/@yee_plli/post/Ddy2BEIEw7F,2026-09-27T14:39:09Z,TEXT_POST,60,high,"[""演唱會""]","[""演唱會""]","[""threads_ssr""]",2026-09-27T15:18:41.200844838Z,2026-09-27T15:18:47.250212Z,2026-09-27T15:18:47.250212Z,1,dup_8e12c80b6a37c36d,True,1,,True,
3995495644081139906,"每次睇演唱會都覺得自己好矮 可唔可以高多10cm▓
企喺我前面嗰個女仔仲高過我 唔誇張 目測180▓
佢大部份時間都擋咗我三份一視線 老實說有點想哭
重點係佢一開始入場嗰陣唔係企喺我正前方 原本企喺我左前方本身唔係真係好檔到我 但係佢開咗場之後同佢隔離個friend左右交換 直接擋死咗我中間視線 我個頭要係咁左右望先睇到清水叔 平時都還好 佢一企直返個人即刻擋晒 藍瘦香菇▓",演唱會,shiro._.yk,https://www.threads.com/@shiro._.yk/post/Ddy2h6HE7DC,2026-09-27T14:43:38Z,CAROUSEL_ALBUM,60,high,"[""演唱會""]","[""演唱會""]","[""threads_ssr""]",2026-09-28T00:46:04.068362449Z,2026-09-27T15:18:47.250212Z,2026-09-28T00:46:10.117869Z,7,dup_970ebcc65ed3b8e5,True,1,,True,
3995498747933988848,今年暫時看的演唱會總結: 不追短期限定團就舒服了😂🙏🏻,演唱會,charrrkgv,https://www.threads.com/@charrrkgv/post/Ddy3PEzH5fw,2026-09-27T14:49:48Z,IMAGE,60,high,"[""演唱會""]","[""演唱會""]","[""threads_ssr""]",2026-09-27T17:23:53.174617227Z,2026-09-27T16:57:51.704816Z,2026-09-27T17:23:59.237357Z,3,dup_78c9762ca92e30fd,True,1,,True,
3995498919313001646,"怎麼辦 好怕Ray來上海辦專場演唱會
不是怕什麼來什麼嗎👀",演唱會,risveglio_86,https://www.threads.com/@risveglio_86/post/Ddy3RkaG8yu,2026-09-27T14:50:09Z,TEXT_POST,60,high,"[""演唱會""]","[""演唱會""]","[""threads_ssr""]",2026-09-27T15:18:41.201065039Z,2026-09-27T15:18:47.250212Z,2026-09-27T15:18:47.250212Z,1,dup_d4489aa299dbb6f6,True,1,,True,
3995501908274524291,"我去唔去睇LANY演唱會好？亞博好遠，仲有自己去聽驚會好emo😟不過我估好多人係自己去
想聽Alonica live!!",演唱會,chernesss,https://www.threads.com/@chernesss/post/Ddy39EGGTCD,2026-09-27T14:56:05Z,TEXT_POST,60,high,"[""演唱會""]","[""演唱會""]","[""threads_ssr""]",2026-09-28T00:46:04.068310461Z,2026-09-27T16:57:51.704816Z,2026-09-28T00:46:10.117869Z,6,dup_40fbcf25920b265e,True,1,,True,
3995500140609866419,"謝謝這四場演唱會
辛苦你了
期待下次見面🫠

☆☆謝謝老公開車載我們直奔高鐵😁
我老公說還有人問說阿弟是誰🤣原來還有這段插曲🤭",演唱會,loveyou75128,https://www.threads.com/@loveyou75128/post/Ddy3jV1Ewqz,2026-09-27T14:56:43Z,VIDEO,60,high,"[""演唱會""]","[""演唱會""]","[""threads_ssr""]",2026-09-27T17:17:20.58515648Z,2026-09-27T15:18:47.250212Z,2026-09-27T17:17:26.675989Z,2,dup_5ba74f760746ec57,True,1,,True,
3995506569337490615,"最近荷包失血嚴重
出售複數週邊回血

11週年演唱會大人中週邊商品
整套不拆售，有2套(圖1) 1套NT$2,400
包含以下商品：
1.紀念T-shirt (圖2，尺寸是XL)
2.運動毛巾 (圖3)
3.斜背包 (圖4)
4.貼紙組 (圖5)
5.珐瑯杯 (圖6、7)
6.襪子1雙 (圖8)
怕珐瑯杯可能在運輸途中碎掉，整套只能面交
面交地點臺南舊市區均可
10月3日可在臺北101附近面交
珐瑯杯(2個，1個NT$480)跟貼紙組(1組，NT$120)當初有多買，可單買
但珐瑯杯只能面交，貼紙組可賣貨便

11週年大人中演唱會 LIVE 2CD+BD Boxset (圖9)  NT$1,200
CD跟BD都沒有用過
只有拿出來給廣仲簽名而已
可面交(地點同上)或賣貨便

2020運動毛巾 (圖10) NT$350
可面交(地點同上)或賣貨便

*賣貨便取貨率低於95%不出貨

另徵求原價收「盧廣仲2018春季世界巡迴年度限定毛巾(NT $380)」，廣仲的毛巾只差這條沒買到，蝦皮賣3、4千我買不下去",演唱會,windsfan2004rk,https://www.threads.com/@windsfan2004rk/post/Ddy5A5DGcy3,2026-09-27T15:05:21Z,CAROUSEL_ALBUM,60,high,"[""演唱會""]","[""演唱會""]","[""threads_ssr""]",2026-09-27T19:16:53.105212859Z,2026-09-27T17:17:26.675989Z,2026-09-27T19:16:59.171687Z,3,dup_25ea9ff745a3e583,False,1,,True,ticket_resale
3995510341257860648,"明天記者去問蔣萬安
「關於沈伯洋去隨性演唱會有什麼看法？」

蔣萬安：一個城市的進步，不應該只看演唱會經濟，而我們團隊都是戰戰兢兢，不會有隨性的行程安排，The young generation, they don't really have, you know 隨性……",演唱會,spo.onkid,https://www.threads.com/@spo.onkid/post/Ddy53x7ExYo,2026-09-27T15:12:50Z,TEXT_POST,60,high,"[""演唱會""]","[""演唱會""]","[""threads_ssr""]",2026-09-28T00:46:04.068281277Z,2026-09-27T16:57:51.704816Z,2026-09-28T00:46:10.117869Z,6,dup_1a0467a584bd9519,True,1,,True,
3995509459355008601,"現場看過一次回家再回看一次！

哇嗚，我對製播團隊大膽的運鏡嚇到欸🤯
必須說有一點韓團攝影棚/演唱會的感覺了，雖然有些焦段縮放的片段有點把人晃暈了，但我好喜歡某些局部對小芊的大特寫😍

小芊真的美到爆炸🫪
根本已經是K-pop明星等級的妝造和表演了吧！

Source: 緯來電視網app",演唱會,danpa_farawayuan,https://www.threads.com/@danpa_farawayuan/post/Ddy5q8lkX5Z,2026-09-27T15:13:36Z,VIDEO,60,high,"[""演唱會""]","[""演唱會""]","[""threads_ssr""]",2026-09-27T19:16:53.105257713Z,2026-09-27T19:16:59.171687Z,2026-09-27T19:16:59.171687Z,1,dup_7593a5ab17d22c71,True,1,,True,
3995511016305943587,"媽咪我上電視了
（Ado的Ao演唱會紀錄）",演唱會,axia_ann,https://www.threads.com/@axia_ann/post/Ddy6BmnE2Qj,2026-09-27T15:14:11Z,IMAGE,60,high,"[""演唱會""]","[""演唱會""]","[""threads_ssr""]",2026-09-28T00:46:04.068236249Z,2026-09-27T19:16:59.171687Z,2026-09-28T00:46:10.117869Z,3,dup_1ed8370d30fa0a37,True,1,,True,
3995516842168403182,截止終於可以講⋯這個homeparty真的好詭異好可怕好莫名其妙 我補完心特別累 我有這個錢為什麼不狠狠咬牙買演唱會小號？,演唱會,xxhswmhw,https://www.threads.com/@xxhswmhw/post/Ddy7WYXicTu,2026-09-27T15:25:45Z,TEXT_POST,60,high,"[""演唱會""]","[""演唱會""]","[""threads_ssr""]",2026-09-27T19:16:53.105024237Z,2026-09-27T19:16:59.171687Z,2026-09-27T19:16:59.171687Z,1,dup_e5a5b13bf6ef98b1,True,1,,True,
3995517449932091951,"🇰🇷日記Day33
1. 今天又來到了奧林匹克公園🤣來聽리도어演唱會！站席待機的時候聽到後面女生也喜歡하현상😍然後原本要佛系等待工作人員排號碼的時候再移動（其實是社恐、、不敢找人問號碼），結果前面站著的那個人正好是我的前一號！

2. 今天真的好幸福，快3個小時的演出，可以說是我今年看過最好玩也最喜歡的表演了🥹前面是比較悲傷安靜的歌，聽著聽著會不禁反芻自己在愛或一段關係中的角色是什麽，以及不管聽幾遍都會心疼李燈塔究竟是經歷了什麼才寫得出這些歌曲🥺不管是表情還是時而的吼腔都很悲傷

3. 接著是比較快節奏的歌曲，跟著一起跳、一起尖叫真的好爽！好開心！！然後也見證了李燈塔的舞姿😍😍（很喜歡這種自由不羈的舞風🤣）
感到悲傷嗎？那就跳舞吧！

4. 我終於終於聽到首爾大入口了！！！🥹期待發表的那一天！

5. 最後要講感言的時候，朴世雄突然的哽咽也惹哭了我（他明天就要走了ㅠㅠ）燈塔說他就算很忙碌卻還是認真地跟大家一起準備演唱會🥹，下一首歌開始的時候他邊擦去臉上的淚水，卻又流下更多幸福的眼淚，雖然可能要一陣子才能再見面，但至少今天也用盡全力留下幸福的回憶了

🎼今日收聽：리도어 - 작은세계",演唱會,1_jiiing.______,https://www.threads.com/@1_jiiing.______/post/Ddy7fOZE7Iv,2026-09-27T15:26:58Z,TEXT_POST,60,high,"[""演唱會""]","[""演唱會""]","[""threads_ssr""]",2026-09-27T19:16:53.105296125Z,2026-09-27T19:16:59.171687Z,2026-09-27T19:16:59.171687Z,1,dup_ffaf1ccfe50b1e8a,True,1,,True,
3995521792747323773,"我就知實有人會話清水叔走音
但係佢哋真係年紀唔細
無可能要求佢把聲同十幾年前一樣咁靚
佢哋早幾年已經成日訪問話想嚟香港開演唱會
等咗幾年終於今年真係嚟開
我已經好感恩好開心同好滿足
我差啲以為成世都無得喺香港睇back number㗎
真誠真係好重要 佢哋啲歌大大話陪咗我十幾年
就算走音 但你睇得出佢哋真係比足200%力去演出
仲點好意思話佢哋🥹
喺世界萬變嘅日子 可以睇騷時請好好珍惜
機會唔係一定會有🙂‍↕️",演唱會,uluru852,https://www.threads.com/@uluru852/post/Ddy8ea9CUF9,2026-09-27T15:35:36Z,TEXT_POST,60,high,"[""演唱會""]","[""演唱會""]","[""threads_ssr""]",2026-09-27T17:23:53.174673092Z,2026-09-27T16:57:51.704816Z,2026-09-27T17:23:59.237357Z,3,dup_9c9386445296fa67,True,1,,True,
3995527330109433641,"隨性樂團《魔神仔》發片巡迴最終場

一開始就遲到，MC短短，蛋糕一直抱怨中秋連假要賣票真的不容易，聽眾大多都要放假陪家人。但也因為這個檔期都沒什麼表演，反而讓這場演唱會來了許多嘉賓，GIGO、康婷文、鄭宇辰、SKARAOKE都來了，猶如中秋聯歡晚會一樣，唱的高興玩的開心！

最後安可，特別把麥克風遞給台下的沈伯洋，一開始只是試著邀約，沒想到他真的來了，而且還拿著初代毛巾應援一整場。沈伯洋也沒多說什麼，簡單致意，也沒上台，他說他聽完一整場，有被療癒到的感覺，把舞台的光環留給專場的主人“隨性樂團”。

難得看到主唱蛋糕這麼的感性，眼淚有如少女漫畫主角般的止不住，不哭不哭眼淚是珍珠，21年持續努力大家都能感受到，火球祭再次和大家聚首吧！",演唱會,paulwang7188,https://www.threads.com/@paulwang7188/post/Ddy9vABiacp,2026-09-27T15:46:36Z,CAROUSEL_ALBUM,60,high,"[""演唱會""]","[""演唱會""]","[""threads_ssr""]",2026-09-27T19:16:53.105316954Z,2026-09-27T17:17:26.675989Z,2026-09-27T19:16:59.171687Z,3,dup_46c578fc8e9e2c80,True,1,,True,
3995532337907718175,"趁著高雄場演唱會看看有沒有噗哩想換卡🥹如果是二樓VIP可以約場內！
主頁有應援物也可以順便找我拿/交換😚
圖一徽章有斑比想換銀虎！
卡可以跨系列，雙人換雙人優先
之後也會丟FB社團",演唱會,013._.yiiii,https://www.threads.com/@013._.yiiii/post/Ddy-335k1gf,2026-09-27T15:56:33Z,CAROUSEL_ALBUM,60,high,"[""演唱會""]","[""演唱會""]","[""threads_ssr""]",2026-09-27T16:57:45.637792716Z,2026-09-27T16:57:51.704816Z,2026-09-27T16:57:51.704816Z,1,dup_a64529a69641006f,True,1,,True,
3995535423513940471,"除左個Show本身好睇之外
想同Day 2 Zone A1近中間通道前排嘅手足講
你地係咪有病㗎
個個都勁Firm
不分年齡 不分男女 個個嗌到聲沙 拍手拍到爛
可能係我人生其中一場睇過最好氣氛嘅演唱會
隔離個師兄一齊嗌足全場 完場仲專登搵我揸個手
好有Feel

多謝back number 
希望佢地會再嚟香港 香港嘅Fans好出色架！",演唱會,n0thing_spec1a1,https://www.threads.com/@n0thing_spec1a1/post/Ddy_kxmCdH3,2026-09-27T16:02:40Z,IMAGE,60,high,"[""演唱會""]","[""演唱會""]","[""threads_ssr""]",2026-09-28T00:46:04.068274977Z,2026-09-27T16:57:51.704816Z,2026-09-28T00:46:10.117869Z,6,dup_dd82e33eb95c563a,True,1,,True,
3995536482458879029,"太想見林于馨 於是鼓起勇氣來@jam
想請問有經驗的前輩們 終演後特典會是什麼🤔 是可以見送的意思嗎～～
特典會是買票就可以有的福利嗎～
除了New chapter 演唱會
第一次追TPE線下 
生怕像9月一樣搶不到公演門票😖
所以無論如何 10月一定要見一次林于馨！！！
歡迎有經驗的各位前輩們 
可以分享交流經驗談🙏🙏🙏",演唱會,minions___stuart,https://www.threads.com/@minions___stuart/post/Ddy_0L0E0Q1,2026-09-27T16:04:47Z,TEXT_POST,60,high,"[""演唱會""]","[""演唱會""]","[""threads_ssr""]",2026-09-27T17:23:53.174646723Z,2026-09-27T17:23:59.237357Z,2026-09-27T17:23:59.237357Z,1,dup_2bc03b3cd844b831,True,1,,True,
3995541335511799967,"雖然見到啲人話bn演唱會日翻打速成好搞笑
但想講￼揀打字翻譯嘅話 係咪請個有返咁上下打字速度嘅會好少少
做文書嗰啲工入職都有打字速度要求啦...

JHGG雖然話打字翻譯背後係想貼心啲唔打斷台上嘅講嘢
但係台上講完要慢慢等緊打字嗰位翻譯完成句😂￼
已經冇咗好多時間￼
請個打字都唔熟嘅￼咁不如口譯？",演唱會,kwtjang,https://www.threads.com/@kwtjang/post/DdzA6zkkhif,2026-09-27T16:14:25Z,TEXT_POST,60,high,"[""演唱會""]","[""演唱會""]","[""threads_ssr""]",2026-09-28T00:46:04.068243149Z,2026-09-27T17:23:59.237357Z,2026-09-28T00:46:10.117869Z,4,dup_d38da852f791a115,True,1,,True,
3995543606015514181,"back number演唱會唱到ヒロイン個舞台燈光set到好似真係飄雪咁……
真係喊到傻😭
燈光同埋後面啲畫面都set得好靚😭",演唱會,chinatsuuuuuu.u,https://www.threads.com/@chinatsuuuuuu.u/post/DdzBb2JI1ZF,2026-09-27T16:18:56Z,TEXT_POST,60,high,"[""演唱會""]","[""演唱會""]","[""threads_ssr""]",2026-09-27T19:16:53.105219191Z,2026-09-27T17:17:26.675989Z,2026-09-27T19:16:59.171687Z,3,dup_4c76b68306fe54e3,True,1,,True,
3995547677652941115,"如果說2026年做過最蠢的事情
絕對是....

明明抽到Yoaaobi演唱會門票
然後沒注意到簡訊和email.........直接整個錯過匯款期限(〒︿〒) 

應該沒有人跟我一樣吧(哭暈在廁所)
當然後續剩餘渣渣票一樣沒搶到(ಥ_ಥ)",演唱會,linjeff15,https://www.threads.com/@linjeff15/post/DdzCXGJo_k7,2026-09-27T16:27:01Z,IMAGE,60,high,"[""演唱會""]","[""演唱會""]","[""threads_ssr""]",2026-09-28T00:46:04.068331022Z,2026-09-27T19:16:59.171687Z,2026-09-28T00:46:10.117869Z,3,dup_bae009d053efc0a6,False,1,,True,ticket_resale
3995552987255661540,"第一次在兩萬人面前唱自己的歌
九月已滿足🥹

#盛事傳奇三天王 #竹北演唱會 
#肆月 #活動紀錄",演唱會,yang444444444,https://www.threads.com/@yang444444444/post/DdzDkXGn-Pk,2026-09-27T16:37:37Z,VIDEO,60,high,"[""演唱會""]","[""演唱會""]","[""threads_ssr""]",2026-09-28T00:46:04.068366455Z,2026-09-27T17:17:26.675989Z,2026-09-28T00:46:10.117869Z,5,dup_b0dfae5e12c02025,True,1,,True,
3995559220586215640,"非常感動🥲
終於有機會睇到back number演唱會
我個人覺得10分滿分入面值100分
一開始唱2首已經眼濕濕🥹🥹想喊 因為太感動了
中途企得太耐條腰同腳好痛😭之後個頭都勁痛
但一諗到主唱比我仲辛苦同埋比濃厚嘅氣氛蓋過痛楚🫶🏻
唱到ベルベットの詩
大家一齊lalala左勁耐 勁投入😍😍
原本唱埋スーパースターになったら就完場
大家一齊叫encore
全場大合唱 高嶺の花子さん
但個人覺得係スーパースになったら完結已經係氣氛最好🙈🙈
只能講encore係叫額外bonus
原本冇諗住買嘢😂
但完場攞咗條彩帶又覺得要買條毛巾嚟做紀念￼",演唱會,sososo224,https://www.threads.com/@sososo224/post/DdzE_EWE_jY,2026-09-27T16:49:57Z,CAROUSEL_ALBUM,60,high,"[""演唱會""]","[""演唱會""]","[""threads_ssr""]",2026-09-27T17:23:53.174466365Z,2026-09-27T17:23:59.237357Z,2026-09-27T17:23:59.237357Z,1,dup_c1241f70e722153b,True,1,,True,
3995564065971943406,"看完演唱會總是會很感性 陷入回憶走不出來
剛剛翻到私帳好久以前的貼文
從混9開始認識小崔到喜歡他居然快要九年了
期間一路換了好多手機 相簿裡第一個檔案仍是混9決賽當天從推特上存下來的直拍

這幾年從懵懂無知的國中生變成忙得要死的審計員 
生活只剩下工作 厭惡現在的自己
但看著崔玹碩還是以前那個很美好的崔玹碩
看著他 一切負面情緒總能得到緩解
My treasure這首歌也不知道救了我多少次
難受迷茫時還能有寶石盒的陪伴
這一切真的還是太美好了⋯ㅠㅠ",演唱會,pearina.zip,https://www.threads.com/@pearina.zip/post/DdzGFk9krfu,2026-09-27T16:59:35Z,IMAGE,60,high,"[""演唱會""]","[""演唱會""]","[""threads_ssr""]",2026-09-27T17:23:53.174711875Z,2026-09-27T17:17:26.675989Z,2026-09-27T17:23:59.237357Z,2,dup_8d7f28ccab636322,True,1,,True,
3995579862484252855,猜猜我帶話問風雅演唱會要選什麼位置，他給我選哪裏了？￼,演唱會,fumakase_zz,https://www.threads.com/@fumakase_zz/post/DdzJrcnE_i3,2026-09-27T17:30:58Z,IMAGE,60,high,"[""演唱會""]","[""演唱會""]","[""threads_ssr""]",2026-09-27T19:16:53.105247464Z,2026-09-27T19:16:59.171687Z,2026-09-27T19:16:59.171687Z,1,dup_389ff510a2809e40,True,1,,True,
3995601364693511411,"我以為我媽很想去告五人演唱會
就搶了兩張票⋯結果她說她不去⋯⋯⋯
原價出 已付款轉帳後給序號▓",演唱會,chou0229_,https://www.threads.com/@chou0229_/post/DdzOkWGn2zz,2026-09-27T18:13:41Z,IMAGE,60,high,"[""演唱會""]","[""演唱會""]","[""threads_ssr""]",2026-09-27T22:14:36.743068635Z,2026-09-27T22:14:42.805990Z,2026-09-27T22:14:42.805990Z,1,dup_6d3937d555194c0a,False,1,,True,ticket_resale
3995606017903923067,"昨晚沈伯洋去看「隨性樂團」演唱會
官方這張照片
還真是第一次那麼近距離
看到他居然有傳說中的太平洋寬肩

如果他去練重訓
應該很快可以練成鬼背吧⋯⋯🏋️",演唱會,ghw52868,https://www.threads.com/@ghw52868/post/DdzPoDvk497,2026-09-27T18:22:56Z,IMAGE,60,high,"[""演唱會""]","[""演唱會""]","[""threads_ssr""]",2026-09-28T00:46:04.068354988Z,2026-09-27T19:16:59.171687Z,2026-09-28T00:46:10.117869Z,2,dup_329e1fbc2b416b94,True,1,,True,
3995607519557020732,"完咗演唱會已經6小時，唔知有冇人仲未走得出今場咁high既vibe? 

記得讀日文嘅時候，老師講過日本人比較內斂、對日本以外在世界覺得「怖い」，所以我明，點解清水大叔話喺香港開concert會好「不安」而且仲要對台下既香港fans講「sorry(對唔住)」 。

即使大叔很不安，但佢仍然勇敢地、喊到眼到紅哂、沙哂聲唱、跪地再捏頸，努力地演出，而唱＜水平線＞之前的真誠獨白的確好tounch 我，我從未見過有樂隊咁赤裸裸將自己感受向住陌生的地域，我覺得大叔把自己的真誠一一咁向外披露，佢今晚講過廣東話真係好難，但佢都好努力試講廣東話，所以我覺得佢才是最勇敢的人！

正如佢所講，或許會場上不是太多人懂日文，所以佢話不明白點解咁多香港fans.但音樂真係神奇的東西，佢可以把一個東京新宿開con的小型樂隊走上亞洲巡迴演出的大舞台；而Bn的音樂可以打破語言的隔閡、地域的阻隔，走進人的心窩，陪伴著無數經歷過失戀的人，承認與接納痛的存在，正如佢台上所講，Bn的音樂就是把有關係的人連繫起上來！

多謝你的真誠 打動了我一整晚。喺我一生人當中最難忘的演唱會，好開心我地呢場有Encore! (下續笑料)",演唱會,fuyat,https://www.threads.com/@fuyat/post/DdzP96RE2w8,2026-09-27T18:25:55Z,IMAGE,60,high,"[""演唱會""]","[""演唱會""]","[""threads_ssr""]",2026-09-28T00:46:04.068262799Z,2026-09-27T19:16:59.171687Z,2026-09-28T00:46:10.117869Z,3,dup_1c3cbceb068f6a55,True,1,,True,
3995612272836710900,"有人要收XG臺北小巨蛋演唱會的門票嗎🥹！
位置如下，降價售$5000
另外還有手燈也會售出，但也是跟別人收來的非全新，有泛黃的部分可以傳細節看▓價格$1500有含小卡",演唱會,zzz.160___,https://www.threads.com/@zzz.160___/post/DdzRDFGn5H0,2026-09-27T18:35:22Z,IMAGE,60,high,"[""演唱會""]","[""演唱會""]","[""threads_ssr""]",2026-09-27T19:16:53.105265598Z,2026-09-27T19:16:59.171687Z,2026-09-27T19:16:59.171687Z,1,dup_bc05392b5ad4f986,False,1,,True,ticket_resale
3995669702999484660,"看到大家都在抱怨演唱會公關票的事情
我就忍不住也想要抱怨一下了
-
開始前吧我旁邊坐了一個男生
（我坐在特A區）
一開始我以為他也是踢妹
因為有其他踢妹有跟他講話
這都不重要 彩排開始之後呢
我們大家就在叫 （不是只有我
他就很安靜 所以我就有點小懷疑是不是公關票
等到演唱會正式開始之後
我基本上是用盡全力在叫（真的很激動
然後才第一首沒結束
那個男生突然就看著我
一臉就是我很吵的樣子
真的很想跟他說
「先生 這裡是搖滾區欸 到底想怎？」
害我就有點放不開了 看到喜歡的都不敢叫
看到一半還在給我回訊息
沒有說不能回訊息 但不喜歡真的可以不用坐特區
反正我後面也不管他了 喊我的",演唱會,yaa___t9,https://www.threads.com/@yaa___t9/post/DdzeGzHEyj0,2026-09-27T20:29:28Z,TEXT_POST,60,high,"[""演唱會""]","[""演唱會""]","[""threads_ssr""]",2026-09-27T22:14:36.743086749Z,2026-09-27T22:14:42.805990Z,2026-09-27T22:14:42.805990Z,1,dup_b6fbfa16cb6d52d7,True,1,,True,
3995693377689660031,"已跟朋友去警局備案，要告詐欺的請去告
囤貨便宜賣是罪，喜歡買一堆便宜出有妨礙到誰？

脆無法登入如果是事實，
從凌晨努力到中午想盡辦法登入如果是事實，
想辦法補救提醒從哀居回覆馬上處理如果是事實，
這些懷有惡意披頭就說人是詐欺的鍵盤俠們，你們願意負責嗎？你們願意道歉嗎？我看也是裝沒事吧

就這樣抹殺掉一個人的努力，你們廁所上的很安穩都有衛生紙，演唱會也場場搶得到票很安心吧？
還什麼套養殺理論，不是事實的話你們願意吞一千根針嗎？這個世界已經變成講什麼都不用負責了對吧，反正躲在網路後面議論，批評百分之99.99999都不會有事，這就是你們敢肆無忌憚誣陷別人的後盾

最後呼籲，朋友非常著急只想趕快把東西寄給買家們，有匯款的再請私訊love_you0917的哀居，
他會盡可能快速處理出貨。

套一個北爛小姐的話，人家也是有工作的不可能私訊馬上幾秒內就會回，總之不像我這麼閒啦，已經盡可能快速處理了，沒有要不出貨也從沒想詐欺，再次感謝保有理智願意私訊的朋友🙏

也謝謝讓我變成傳說的攻擊團隊們日夜不懈的努力
就是有很多貨想便宜出😘覺得是盜圖的眼睛去醫一下來，沾到屎💩也該擦一擦",演唱會,kamichu1120,https://www.threads.com/@kamichu1120/post/DdzjfT4kqp_,2026-09-27T21:16:30Z,CAROUSEL_ALBUM,60,high,"[""演唱會""]","[""演唱會""]","[""threads_ssr""]",2026-09-27T22:14:36.743139488Z,2026-09-27T22:14:42.805990Z,2026-09-27T22:14:42.805990Z,1,dup_87c2c77c42615d6e,False,1,,True,ticket_resale
3995987260902455679,"TWS TWIMI : 42 Forest
已買到 ￼
貨到付款
不需二補
默認廠損
請勿跑單
一販大頭吊飾 650 （演唱會前可收到）
二販原皮吊飾 700 （官方預計配送日12/09～12/16 ）抵台時間預計12月底￼",演唱會,sdlatoso18,https://www.threads.com/@sdlatoso18/post/Dd0mT39E7l_,2026-09-28T07:00:24Z,CAROUSEL_ALBUM,60,high,"[""演唱會""]","[""演唱會""]","[""threads_ssr""]",2026-09-28T13:49:09.287906526Z,2026-09-28T13:49:15.351285Z,2026-09-28T13:49:15.351285Z,1,dup_4733093380cbc412,False,1,,True,ticket_resale
3995989681963732875,原價收1張 3/10 $780票價大穎香港場演唱會飛，有意出讓請dm，謝謝🙏🏻,演唱會,7brown7ryan,https://www.threads.com/@7brown7ryan/post/Dd0m3Gvkw-L,2026-09-28T07:05:12Z,TEXT_POST,60,high,"[""演唱會""]","[""演唱會""]","[""threads_ssr""]",2026-09-28T13:49:09.287831185Z,2026-09-28T13:49:15.351285Z,2026-09-28T13:49:15.351285Z,1,dup_1eee4eb30cbca01a,False,1,,True,ticket_resale
3995996558299516826,"健略通金主爸爸好嘢👏🏼
做埋演唱會sponsor ！
你撐姜濤我撐你￼！",演唱會,strawberry.is.here,https://www.threads.com/@strawberry.is.here/post/Dd0obK1IE-a,2026-09-28T07:18:52Z,TEXT_POST,60,high,"[""演唱會""]","[""演唱會""]","[""threads_ssr""]",2026-09-28T13:49:09.287778537Z,2026-09-28T13:49:15.351285Z,2026-09-28T13:49:15.351285Z,1,dup_5e9ba58dcf6cffb6,True,1,,True,
3996009282583896799,"原價讓
Juice Boy演唱會門票🎫
Juice Boy《所以說永遠多長》台北演唱會
2080*4
1280*4
需要先匯款
還有粉絲要嗎",演唱會,llama.47149697,https://www.threads.com/@llama.47149697/post/Dd0rUVPk6Lf,2026-09-28T07:44:09Z,IMAGE,60,high,"[""演唱會""]","[""演唱會""]","[""threads_ssr""]",2026-09-28T13:49:09.287785239Z,2026-09-28T13:49:15.351285Z,2026-09-28T13:49:15.351285Z,1,dup_cb1ea1044d2fa758,False,1,,True,ticket_resale
3996010249681235497,"已申請讓票 10/9 3280區域 🤎💦

因臨時出國無法前往
希望有緣人可以接手這張票
開心入場！

祝福大家看演唱會開心🥳",演唱會,lee.and_li,https://www.threads.com/@lee.and_li/post/Dd0riZ7Ee4p,2026-09-28T07:46:04Z,IMAGE,60,high,"[""演唱會""]","[""演唱會""]","[""threads_ssr""]",2026-09-28T13:49:09.287750785Z,2026-09-28T13:49:15.351285Z,2026-09-28T13:49:15.351285Z,1,dup_dc5be05c01f034aa,False,1,,True,ticket_resale
3996017672861233590,"嚟緊星期六去睇演唱會，有冇前輩可以講下有咩注意？
Arena 亞博場 （all standing）
🫪同埋跟number 入其實係唔係可以逼前面定有位mark住▓",演唱會,tingg__02,https://www.threads.com/@tingg__02/post/Dd0tObTE7G2,2026-09-28T08:00:49Z,TEXT_POST,60,high,"[""演唱會""]","[""演唱會""]","[""threads_ssr""]",2026-09-28T13:49:09.287743572Z,2026-09-28T13:49:15.351285Z,2026-09-28T13:49:15.351285Z,1,dup_c20a0bd54c8a8cd8,True,1,,True,
3996025833383302851,"原價出juiceboy演唱會門票
2張可拆  2080
原價讓，還有人要票嗎
黃牛 詐騙別來🙅🏻￼",演唱會,yayawen87,https://www.threads.com/@yayawen87/post/Dd0vFLYGJbD,2026-09-28T08:17:02Z,IMAGE,60,high,"[""演唱會""]","[""演唱會""]","[""threads_ssr""]",2026-09-28T13:49:09.287756636Z,2026-09-28T13:49:15.351285Z,2026-09-28T13:49:15.351285Z,1,dup_0bd27b8fecd9998f,False,1,,True,ticket_resale
3996057492829256236,想收藤井風演唱會1800或2800元🙏🏻,演唱會,tedaei_1012,https://www.threads.com/@tedaei_1012/post/Dd02R4iIDos,2026-09-28T09:19:56Z,TEXT_POST,60,high,"[""演唱會""]","[""演唱會""]","[""threads_ssr""]",2026-09-28T13:49:09.287839771Z,2026-09-28T13:49:15.351285Z,2026-09-28T13:49:15.351285Z,1,dup_975846e82b304287,True,1,,True,
3996058668651701915,有粉絲去店裡問太妍媽媽 說是先有個人演唱會,演唱會,rocky_mimiko,https://www.threads.com/@rocky_mimiko/post/Dd02i_mmuab,2026-09-28T09:22:16Z,IMAGE,60,high,"[""演唱會""]","[""演唱會""]","[""threads_ssr""]",2026-09-28T13:49:09.287852876Z,2026-09-28T13:49:15.351285Z,2026-09-28T13:49:15.351285Z,1,dup_b5efb3284b0e86a3,True,1,,True,
3996059166196789126,"演唱會小白求助🙏🙏

我竟然抽中咗😭，但第一次睇演唱會，唔知到時安排會係點，想問問各大佬意見🧎

諗住帶A3 file裝poster ,但主辦規則寫“不準攜帶任何超過38×30×20厘米以上的物品”，咁A3file俾唔俾入場🗿

同埋有冇大佬知道喺活動接待處攞完海報之後仲去唔去到行李寄存？因為主辦話離開主場館之後不得再次進入，咁攞海報嘅接待處係喺驗票處出面定入面🙏

因為都想像到成個場興奮起上嚟可能會比較混亂，張海報好似放寄存安全啲🥲",演唱會,him.kan,https://www.threads.com/@him.kan/post/Dd02qO-mm-G,2026-09-28T09:23:15Z,CAROUSEL_ALBUM,60,high,"[""演唱會""]","[""演唱會""]","[""threads_ssr""]",2026-09-28T13:49:09.287712113Z,2026-09-28T13:49:15.351285Z,2026-09-28T13:49:15.351285Z,1,dup_c09e3ebdc6374028,True,1,,True,
3996064354305964235,"同我一齊睇演唱會嘅追星朋友們有福了￼
睇完演唱會嘅下一場￼￼

星期一至五（公眾假期除外）：
17:00前離座；或
22:00後入座

星期六及星期日：
22:00後入座",演唱會,oyiukkangchongkkangchong,https://www.threads.com/@oyiukkangchongkkangchong/post/Dd031uyAfjL,2026-09-28T09:33:34Z,IMAGE,60,high,"[""演唱會""]","[""演唱會""]","[""threads_ssr""]",2026-09-28T13:49:09.287885006Z,2026-09-28T13:49:15.351285Z,2026-09-28T13:49:15.351285Z,1,dup_47845d77267428cf,True,1,,True,
3996066660746905278,"所以太妍的計畫發完正規專輯後，個人巡演！ 之後再大隊演唱會是吧？！
期待啊！然後太妍啊，忙完專輯後，還是可以結婚的😗",演唱會,panda4651,https://www.threads.com/@panda4651/post/Dd04XS0mca-,2026-09-28T09:38:09Z,TEXT_POST,60,high,"[""演唱會""]","[""演唱會""]","[""threads_ssr""]",2026-09-28T13:49:09.287672499Z,2026-09-28T13:49:15.351285Z,2026-09-28T13:49:15.351285Z,1,dup_205e1576e2050fc4,True,1,,True,
3996072554431493383,"🇭🇰放/出 PLAVE 日場 💜NOAH & ❤️EUNHO大王扇

全新未拆，默認廠瑕

$150@1

只限SF到付/其他演唱會面交",演唱會,__changess,https://www.threads.com/@__changess/post/Dd05tDvk7UH,2026-09-28T09:49:51Z,IMAGE,60,high,"[""演唱會""]","[""演唱會""]","[""threads_ssr""]",2026-09-28T13:49:09.287866311Z,2026-09-28T13:49:15.351285Z,2026-09-28T13:49:15.351285Z,1,dup_f9b966c17fadffdf,False,1,,True,ticket_resale
3996077336416274651,"原價讓
Juice Boy演唱會門票🎫
2080*2
1280*2
原價 原價 原價
原價轉給粉絲",演唱會,elephant.48887054,https://www.threads.com/@elephant.48887054/post/Dd06ypUFMjb,2026-09-28T09:59:21Z,TEXT_POST,60,high,"[""演唱會""]","[""演唱會""]","[""threads_ssr""]",2026-09-28T13:49:09.287896567Z,2026-09-28T13:49:15.351285Z,2026-09-28T13:49:15.351285Z,1,dup_216860a7072b877e,False,1,,True,ticket_resale
3996078487140584018,"我現在根本不會想唱衰Animal
我在演唱會把ddok³和jam都聽順耳了
不知道BND的歌還有甚麼聽不順耳的",演唱會,none_of_your.kaia,https://www.threads.com/@none_of_your.kaia/post/Dd07DZAmEpS,2026-09-28T10:01:39Z,TEXT_POST,60,high,"[""演唱會""]","[""演唱會""]","[""threads_ssr""]",2026-09-28T13:49:09.287859388Z,2026-09-28T13:49:15.351285Z,2026-09-28T13:49:15.351285Z,1,dup_a549a57510a96f62,True,1,,True,
3996081932300660667,"🔥🔥
#售#82Major 台北演唱會門票
有粉絲收嗎  原價讓
A ZONE 區 4280*2 可拆
朋友讓我幫她搶票 結果她自己搶到更好的位置🥹
聽說這場很難搶 想讓給沒有搶到票的粉絲
黃牛勿擾哦 謝謝￼
還有想要的嗎❓",演唱會,pingjun53,https://www.threads.com/@pingjun53/post/Dd071hkIy-7,2026-09-28T10:08:29Z,IMAGE,60,high,"[""演唱會""]","[""演唱會""]","[""threads_ssr""]",2026-09-28T13:49:09.287794296Z,2026-09-28T13:49:15.351285Z,2026-09-28T13:49:15.351285Z,1,dup_6cd0aca25ec62303,False,1,,True,ticket_resale
3996085978972428228,"出/換 傳說對決十週年演唱會門票$790

已領票 想升艙我補差 只接受高雄面交～🫶🏻",演唱會,xicouu7,https://www.threads.com/@xicouu7/post/Dd08waUkhfE,2026-09-28T10:16:32Z,TEXT_POST,60,high,"[""演唱會""]","[""演唱會""]","[""threads_ssr""]",2026-09-28T13:49:09.287685533Z,2026-09-28T13:49:15.351285Z,2026-09-28T13:49:15.351285Z,1,dup_c00ab33cfeedb30b,False,1,,True,ticket_resale
3996093485308704276,"不好意思打擾大家寶貴的時間～🥺
本人沒有去過演唱會沒有搶過票
這次下定決心要去JxJ臺北場
有幾個問題有查詢過但是都沒有查到答案
所以決定發文問大家
1.假設售票通路是在拓元，那wvs的會員優先購還有用嗎？還是要用拓元的會員之類的
2.想問大家說的搶票時「刷新」是幹嘛的為什麼要刷呀🥲
目前就這兩個問題有點困惑，其他的還沒想到，如果有人願意主動跟我說一些注意事項會很感激的🥹🥹
（這篇文如果沒人回就尷尬了）",演唱會,aitic_oy111,https://www.threads.com/@aitic_oy111/post/Dd0-dpJE_YU,2026-09-28T10:31:27Z,TEXT_POST,60,high,"[""演唱會""]","[""演唱會""]","[""threads_ssr""]",2026-09-28T13:49:09.287725728Z,2026-09-28T13:49:15.351285Z,2026-09-28T13:49:15.351285Z,1,dup_1eb336d7fa8ed93b,False,1,,True,ticket_resale
3996106309661630992,"看到大巨蛋FF的票價
懷疑是五月天把我們寵壞了嗎
還是這才是演唱會正常票價🤔😌",演唱會,marylivestory,https://www.threads.com/@marylivestory/post/Dd1BYQwFCIQ,2026-09-28T10:56:55Z,TEXT_POST,60,high,"[""演唱會""]","[""演唱會""]","[""threads_ssr""]",2026-09-28T13:49:09.287890616Z,2026-09-28T13:49:15.351285Z,2026-09-28T13:49:15.351285Z,1,dup_f6e2501e84f53692,False,1,,True,ticket_resale
3996118686860786967,"Juice Boy演唱會門票
還有一張
可面交",演唱會,renkobayashi37,https://www.threads.com/@renkobayashi37/post/Dd1EMX6oz0X,2026-09-28T11:21:31Z,IMAGE,60,high,"[""演唱會""]","[""演唱會""]","[""threads_ssr""]",2026-09-28T13:49:09.287811258Z,2026-09-28T13:49:15.351285Z,2026-09-28T13:49:15.351285Z,1,dup_5e7571415b515673,False,1,,True,ticket_resale
3996128038822739482,"2024/9/28鄭中基高雄巨蛋演唱會，滿2週年了🎉

鄭中基用歌聲帶給現場大家難忘的點滴😊

有被感動默默落淚你我們🥹

有第一次看到他穿白色西裝閃閃發光✨️

上個月大巨蛋後，大家留給基哥真摯的留言🙌

大家心意相通，如歌曲《想念你的愛》🫶

期待基哥再來台灣開演唱會🎤🎶",演唱會,eudora287106,https://www.threads.com/@eudora287106/post/Dd1GUdnAf4a,2026-09-28T12:02:19Z,VIDEO,60,high,"[""演唱會""]","[""演唱會""]","[""threads_ssr""]",2026-09-28T13:49:09.287661999Z,2026-09-28T13:49:15.351285Z,2026-09-28T13:49:15.351285Z,1,dup_3920668f2e1a3de9,True,1,,True,
3996141579472325633,"TWS <TWIMI : 42 Forest>快閃

21:00  IG限時動態釋出吊飾娃/大頭吊飾娃
演唱會前⋯可以收到😛",演唱會,toys_halo,https://www.threads.com/@toys_halo/post/Dd1JZgUncwB,2026-09-28T12:07:00Z,CAROUSEL_ALBUM,60,high,"[""演唱會""]","[""演唱會""]","[""threads_ssr""]",2026-09-28T13:49:09.287731819Z,2026-09-28T13:49:15.351285Z,2026-09-28T13:49:15.351285Z,1,dup_99f280ba043b2d43,True,1,,True,
3996143055875093755,有沒有人去過Novelbright的演唱會😭,演唱會,_yn.muse,https://www.threads.com/@_yn.muse/post/Dd1Ju_VFDT7,2026-09-28T12:09:56Z,TEXT_POST,60,high,"[""演唱會""]","[""演唱會""]","[""threads_ssr""]",2026-09-28T13:49:09.287761204Z,2026-09-28T13:49:15.351285Z,2026-09-28T13:49:15.351285Z,1,dup_21afcbc3b5a8090e,True,1,,True,
3996147264045446016,"自售二手 三星S25 Ultra 256GB
2025/2月購入
機況完好功能正常！只有演唱會使用～🙏🏻
原盒在！有保護貼跟手機殼！
$20000",演唱會,bernice0504ys,https://www.threads.com/@bernice0504ys/post/Dd1KsOfk_OA,2026-09-28T12:18:18Z,CAROUSEL_ALBUM,60,high,"[""演唱會""]","[""演唱會""]","[""threads_ssr""]",2026-09-28T13:49:09.287680133Z,2026-09-28T13:49:15.351285Z,2026-09-28T13:49:15.351285Z,1,dup_8371f3c1b7c3691f,False,1,,True,ticket_resale
3996176658784532563,"ONEDOOR大家好！！
本人1/10會去波捏豆演唱會！
但沒有做過應援想說先先做線上應援看看😵‍💫
如果反響好的話會在考慮做！！！
🍀應援物：
小方巾
65/1（六個成員都要350$～～）
每款有20個！！！
賣場上架時間：9/30 晚上7:00準時上賣場！！
希望大家會喜歡！！",演唱會,one_door08100904,https://www.threads.com/@one_door08100904/post/Dd1RX-ejzhT,2026-09-28T13:16:42Z,IMAGE,60,high,"[""演唱會""]","[""演唱會""]","[""threads_ssr""]",2026-09-28T13:49:09.287877742Z,2026-09-28T13:49:15.351285Z,2026-09-28T13:49:15.351285Z,1,dup_cd4e3688aee423cb,True,1,,True,
3994010704169002472,"Luke is that you?? 
Li Rong Hao Concert 2026.09.25
李荣浩演唱会",Tokyo Dome concert,erlynayaputri,https://www.threads.com/@erlynayaputri/post/Ddtk5MDGeXo,2026-09-25T13:33:20Z,CAROUSEL_ALBUM,40,candidate,"[""concert""]","[""Tokyo Dome concert""]",[],2026-09-25T19:47:09.420131872Z,2026-09-25T19:47:22.048067Z,2026-09-25T19:47:22.048067Z,1,dup_082b4d013e7d841c,True,1,,True,
3994019878604597509,Lần đầu tiên trong lịch sử chưa chung kết mà bán vé concert tới Day3 luôn r =))))))))),Tokyo Dome concert,say_hi_family,https://www.threads.com/@say_hi_family/post/Ddtm-saE2kF,2026-09-25T13:51:33Z,IMAGE,40,candidate,"[""concert""]","[""Tokyo Dome concert""]",[],2026-09-25T19:47:09.42013736Z,2026-09-25T19:47:22.048067Z,2026-09-25T19:47:22.048067Z,1,dup_122f014bd05db1de,True,1,,True,
3986646574072090821,FF台灣場真的是大巨蛋🌚,台北大巨蛋,dcyzack07.17,https://www.threads.com/@dcyzack07.17/post/DdTae_cmFDF,2026-09-15T09:42:07Z,IMAGE,30,candidate,"[""大巨蛋""]","[""台北大巨蛋""]",[],2026-09-25T18:02:39.261430648Z,2026-09-25T17:12:33.435185Z,2026-09-25T18:03:38.875521Z,3,dup_547d8481a883f92f,True,1,,True,
3988633230882574535,"跟沒去過大巨蛋的人說一下
大巨蛋坐平面或是一樓不管哪裡都很遠🤣🤣🤣
這場地就真的超不適合演唱會！！！！",台北大巨蛋,kelly_8kz,https://www.threads.com/@kelly_8kz/post/DdaeMpyExDH,2026-09-18T03:29:15Z,TEXT_POST,30,candidate,"[""大巨蛋""]","[""台北大巨蛋""]",[],2026-09-25T18:02:39.261419407Z,2026-09-25T17:12:33.435185Z,2026-09-25T18:03:38.875521Z,3,dup_8be88cc781a6c195,True,1,,True,
3993174728395856705,我在想我真的有愛到只為了他要去大巨蛋嗎,台北大巨蛋,aes_katie,https://www.threads.com/@aes_katie/post/Ddqm0I8GhtB,2026-09-24T09:52:24Z,TEXT_POST,30,candidate,"[""大巨蛋""]","[""台北大巨蛋""]",[],2026-09-25T18:02:39.261384411Z,2026-09-25T17:12:33.435185Z,2026-09-25T18:03:38.875521Z,3,dup_2367087ecf9dfbdf,True,1,,True,
3993193596933392206,"FF大巨蛋官宣囉 我們11/28、29見
還有未來的拖鞋P😁😁",台北大巨蛋,plumage21,https://www.threads.com/@plumage21/post/DdqrGtolEdO,2026-09-24T10:29:53Z,IMAGE,30,candidate,"[""大巨蛋""]","[""台北大巨蛋""]",[],2026-09-25T17:20:47.606451692Z,2026-09-25T17:12:33.435185Z,2026-09-25T17:21:46.255167Z,2,dup_38eae8214fe8640b,True,1,,True,
3994053141573673401,"“Me pretending I’m busy, but checking my phone every 2 minutes waiting for her ‘hey’ like it’s a national announcement. 😂❤️📱”",Tokyo Dome concert,jonathangreen3963,https://www.threads.com/@jonathangreen3963/post/Ddtuiu9iCG5,2026-09-25T14:57:39Z,IMAGE,30,candidate,"[""nce""]","[""Tokyo Dome concert""]",[],2026-09-25T19:47:09.419801876Z,2026-09-25T19:47:22.048067Z,2026-09-25T19:47:22.048067Z,1,dup_ede03df175d0dc9a,True,1,,True,
3994153683184802334,"🌌 KNUS NAGSÊ-WENSE 🌃 🌙 Goeienag-wense — Spesiaal vir jou! ✨ Voor jy vanaand jou oë toemaak, wil ek jou net herinner: Die Here het jou oneindig lief, en jy is kosbaar in Sy oë. 🙌🤍 📖 “Waarlik, Hy sluimer of slaap nie, Hy wat Israel bewaar nie.” — Psalm 121:4 Mag jou siel vanaand diep rus vind in Sy liefdevolle teenwoordigheid. 🤍🕊️ 🌾 Plaas jou volle geloof en vertroue in Hom — Hy wat jou bewaar, hou altyd oor jou die wag. Jy hoef nie vanaand alles te verstaan, op te los of te dra nie.",Tokyo Dome concert,sweetpea6234,https://www.threads.com/@sweetpea6234/post/DduFZzojFoe,2026-09-25T18:17:24Z,IMAGE,30,candidate,"[""ert""]","[""Tokyo Dome concert""]",[],2026-09-25T19:47:09.42001523Z,2026-09-25T19:47:22.048067Z,2026-09-25T19:47:22.048067Z,1,dup_576d97fd1ac57335,True,1,,True,
3994193124884898496,"My husband and I both work for Raytheon Technologies.
I'll only say this once.
My advice for September 28th is cancel your plans and stay home.",Tokyo Dome,rimi387100,https://www.threads.com/@rimi387100/post/DduOXwlEmLA,2026-09-25T19:35:46Z,TEXT_POST,30,candidate,"[""ome""]","[""Tokyo Dome""]",[],2026-09-25T19:36:04.657594228Z,2026-09-25T19:36:57.674661Z,2026-09-25T19:36:57.674661Z,1,dup_3e5cabf4deebc810,True,1,,True,
3994193131914920694,"Pretty sure that someone who medically neglected me as a child by hiding a serious diagnosis and is about to turn 69 and covers her ears while saying “LALALA I CANT HEAR YOU” while stomping her feet when you are just trying to have a conversation about working out communication mishaps IS most definitely THE PROBLEM.

Living with her has highlighted how much of the problem she is.",Tokyo Dome,irlsarahconnor,https://www.threads.com/@irlsarahconnor/post/DduOX3IGAL2,2026-09-25T19:35:47Z,TEXT_POST,30,candidate,"[""ome""]","[""Tokyo Dome""]",[],2026-09-25T19:36:04.657763179Z,2026-09-25T19:36:57.674661Z,2026-09-25T19:36:57.674661Z,1,dup_537b0578381ec93a,True,1,,True,
3994198665535342360,Rate mona,Tokyo Dome concert,princedelacruzzz88,https://www.threads.com/@princedelacruzzz88/post/DduPoYtkscY,2026-09-25T19:46:47Z,TEXT_POST,30,candidate,"[""nce""]","[""Tokyo Dome concert""]",[],2026-09-25T19:47:09.419690892Z,2026-09-25T19:47:22.048067Z,2026-09-25T19:47:22.048067Z,1,dup_be5719400bf595f0,True,1,,True,
3994198668445030006,"Brushing my dog a couple times a week helps keep shedding down but ultimately my dog sheds and I need to sweep and vacuum more and will get fur on my clothes from time to time. 

With her high energy, I need to take her to the park for some intense activity at minimum for two 15 minute increments a day but usually it’s 45 minutes in the morning and 45 minutes at end of the day, then a 10 minute walk just before bed. If I do that, she gets her energy out and chills most of the day.",Tokyo Dome concert,ryanhhayden,https://www.threads.com/@ryanhhayden/post/DduPobbARZ2,2026-09-25T19:46:47Z,TEXT_POST,30,candidate,"[""ome""]","[""Tokyo Dome concert""]",[],2026-09-25T19:47:09.419855184Z,2026-09-25T19:47:22.048067Z,2026-09-25T19:47:22.048067Z,1,dup_e09d4e98c7e634b6,True,1,,True,
3994198694668932953,Rate moba,Tokyo Dome concert,princedelacruzzz88,https://www.threads.com/@princedelacruzzz88/post/DduPoz2EhdZ,2026-09-25T19:46:50Z,TEXT_POST,30,candidate,"[""nce""]","[""Tokyo Dome concert""]",[],2026-09-25T19:47:09.419676581Z,2026-09-25T19:47:22.048067Z,2026-09-25T19:47:22.048067Z,1,dup_d3611c3babfa4d8d,True,1,,True,
3994198744061071628,"But your journey into adulthood deserves more than comparison, it deserves guidance, honest conversations, and room to discover your purpose. 💜

That's what you'll find on Koach Keisha's YouTube channel, encouragement and real conversations to help you navigate purpose, confidence, growth, and the challenges of becoming who you're meant to be.

You don't have to have it all figured out. Just keep growing.

Your next chapter deserves guidance. 💜",Tokyo Dome concert,d4plc,https://www.threads.com/@d4plc/post/DduPph2ElEM,2026-09-25T19:46:56Z,TEXT_POST,30,candidate,"[""con""]","[""Tokyo Dome concert""]",[],2026-09-25T19:47:09.419949293Z,2026-09-25T19:47:22.048067Z,2026-09-25T19:47:22.048067Z,1,dup_80c9981bb83102ff,True,1,,True,
